{
    "AAPL": 0.11799999999999997,
    "MSFT": 0.10499999999999997,
    "GOOGL": 0.12199999999999997,
    "AMZN": 0.07799999999999999,
    "JPM": 0.08199999999999999,
    "JNJ": 0.04499999999999999,
    "PG": 0.029999999999999992,
    "V": 0.039999999999999994,
    "UNH": 0.034999999999999996,
    "HD": 0.029999999999999992,
    "CROX": 0.05799999999999999,
    "ENSG": 0.061999999999999986,
    "POWI": 0.039999999999999994,
    "PLAB": 0.034999999999999996,
    "CALX": 0.029999999999999992,
    "ICUI": 0.019999999999999997,
    "SHAK": 0.019999999999999997,
    "FIVN": 0.019999999999999997,
    "ASGN": 0.029999999999999992
}