{
    "NVDA": 0.13199999999999995,
    "MSFT": 0.07799999999999997,
    "AAPL": 0.09499999999999996,
    "GOOGL": 0.08799999999999995,
    "AMZN": 0.06199999999999997,
    "JPM": 0.057999999999999975,
    "V": 0.04499999999999998,
    "UNH": 0.027999999999999987,
    "HD": 0.02499999999999999,
    "AXON": 0.04499999999999998,
    "CELH": 0.03199999999999999,
    "CROX": 0.037999999999999985,
    "ONTO": 0.06199999999999997,
    "RMBS": 0.05499999999999997,
    "SFM": 0.029999999999999985,
    "ASO": 0.02199999999999999,
    "FIVE": 0.01799999999999999,
    "PLNT": 0.014999999999999993,
    "META": 0.037999999999999985,
    "SPSC": 0.03399999999999999
}