{
    "NVDA": 0.13199999999999998,
    "MSFT": 0.07799999999999999,
    "GOOGL": 0.10799999999999997,
    "AAPL": 0.09199999999999998,
    "AMZN": 0.061999999999999986,
    "JPM": 0.06799999999999999,
    "V": 0.04499999999999999,
    "AXON": 0.05799999999999999,
    "PLTR": 0.07199999999999998,
    "SITM": 0.054999999999999986,
    "RMBS": 0.04799999999999999,
    "CROX": 0.041999999999999996,
    "IONQ": 0.032999999999999995,
    "CELH": 0.03699999999999999,
    "HD": 0.034999999999999996,
    "META": 0.034999999999999996
}