{
    "SPY": 0.14799999999999996,
    "VTI": 0.09199999999999998,
    "SCHD": 0.10799999999999997,
    "BND": 0.11499999999999998,
    "JNJ": 0.05799999999999999,
    "PG": 0.04499999999999999,
    "KO": 0.041999999999999996,
    "COST": 0.08199999999999999,
    "JPM": 0.060999999999999985,
    "MSFT": 0.054999999999999986,
    "AAPL": 0.04799999999999999,
    "V": 0.03799999999999999,
    "HD": 0.027999999999999994,
    "POWL": 0.031999999999999994,
    "RMBS": 0.023999999999999994,
    "AXON": 0.023999999999999994
}