{
    "AAPL": 0.08199999999999999,
    "MSFT": 0.07799999999999999,
    "GOOGL": 0.09099999999999998,
    "AMZN": 0.061999999999999986,
    "JPM": 0.07099999999999998,
    "JNJ": 0.04799999999999999,
    "PG": 0.031999999999999994,
    "HD": 0.032999999999999995,
    "V": 0.054999999999999986,
    "UNH": 0.027999999999999994,
    "POWL": 0.07299999999999998,
    "PLTR": 0.06799999999999999,
    "AXON": 0.051999999999999984,
    "CELH": 0.03799999999999999,
    "CROX": 0.040999999999999995,
    "RMBS": 0.046999999999999986,
    "APPF": 0.030999999999999993,
    "FROG": 0.025999999999999992,
    "SPT": 0.021999999999999995,
    "FIVN": 0.021999999999999995
}