{
    "AAPL": 0.10799999999999997,
    "MSFT": 0.09199999999999998,
    "GOOGL": 0.11199999999999997,
    "AMZN": 0.08299999999999999,
    "JPM": 0.07199999999999998,
    "V": 0.05799999999999999,
    "HD": 0.034999999999999996,
    "JNJ": 0.04499999999999999,
    "PG": 0.03799999999999999,
    "UNH": 0.029999999999999992,
    "POWL": 0.08499999999999999,
    "CROX": 0.05799999999999999,
    "PLAB": 0.046999999999999986,
    "AEIS": 0.041999999999999996,
    "CALX": 0.029999999999999992,
    "SPSC": 0.024999999999999994,
    "ASGN": 0.019999999999999997,
    "FIVN": 0.019999999999999997,
    "SHAK": 0.0
}