{
    "VTI": 0.15199999999999997,
    "SCHD": 0.13799999999999998,
    "VYM": 0.09199999999999998,
    "BND": 0.11799999999999997,
    "JNJ": 0.07299999999999998,
    "MSFT": 0.06799999999999999,
    "AAPL": 0.05799999999999999,
    "V": 0.051999999999999984,
    "JPM": 0.05799999999999999,
    "KO": 0.046999999999999986,
    "PG": 0.03799999999999999,
    "HD": 0.026999999999999993,
    "RKLB": 0.040999999999999995,
    "IONQ": 0.021999999999999995,
    "CRSP": 0.015999999999999997
}