{
    "NVDA": 0.13199999999999998,
    "MSFT": 0.07799999999999999,
    "GOOGL": 0.08899999999999998,
    "AAPL": 0.051999999999999984,
    "AMZN": 0.05799999999999999,
    "META": 0.031999999999999994,
    "JPM": 0.060999999999999985,
    "V": 0.04799999999999999,
    "UNH": 0.027999999999999994,
    "HD": 0.025999999999999992,
    "FTAI": 0.08299999999999999,
    "POWL": 0.06699999999999999,
    "SITM": 0.040999999999999995,
    "CROX": 0.034999999999999996,
    "CELH": 0.023999999999999994,
    "PLXS": 0.04299999999999999,
    "AXON": 0.03599999999999999,
    "SPSC": 0.026999999999999993,
    "IIPR": 0.019999999999999997,
    "RAMP": 0.019999999999999997
}