{
    "AAPL": 0.08542713567839193,
    "MSFT": 0.07537688442211052,
    "GOOGL": 0.09547738693467332,
    "AMZN": 0.07035175879396982,
    "JPM": 0.07537688442211052,
    "V": 0.06532663316582912,
    "JNJ": 0.05025125628140702,
    "HD": 0.03517587939698491,
    "UNH": 0.030150753768844206,
    "PG": 0.030150753768844206,
    "AXON": 0.055276381909547714,
    "CELH": 0.04020100502512561,
    "CROX": 0.04522613065326631,
    "RMBS": 0.06030150753768841,
    "TTMI": 0.06030150753768841,
    "FTDR": 0.03517587939698491,
    "SMPL": 0.020100502512562804,
    "FIVN": 0.02512562814070351,
    "UPST": 0.030150753768844206,
    "PLUG": 0.015075376884422103
}