{
    "AAPL": 0.08453608247422678,
    "MSFT": 0.0804123711340206,
    "GOOGL": 0.0917525773195876,
    "AMZN": 0.06391752577319586,
    "JPM": 0.07010309278350514,
    "V": 0.05670103092783503,
    "JNJ": 0.04948453608247421,
    "HD": 0.03298969072164947,
    "UNH": 0.036082474226804113,
    "PG": 0.02886597938144329,
    "FTAI": 0.07525773195876286,
    "SITM": 0.05979381443298967,
    "AXON": 0.04329896907216494,
    "CELH": 0.036082474226804113,
    "CROX": 0.03917525773195875,
    "RMBS": 0.04639175257731957,
    "ELF": 0.02886597938144329,
    "PLAB": 0.03195876288659793,
    "IONQ": 0.02886597938144329,
    "SPT": 0.015463917525773191
}