{
    "AAPL": 0.10461538461538457,
    "MSFT": 0.07999999999999996,
    "GOOGL": 0.11487179487179483,
    "AMZN": 0.08923076923076918,
    "JPM": 0.0851282051282051,
    "V": 0.06974358974358971,
    "JNJ": 0.05333333333333331,
    "PG": 0.038974358974358955,
    "HD": 0.03282051282051281,
    "UNH": 0.03589743589743589,
    "AXON": 0.059487179487179465,
    "CELH": 0.046153846153846136,
    "CROX": 0.06358974358974356,
    "IIPR": 0.04410256410256408,
    "UPWK": 0.02564102564102563,
    "SHAK": 0.020512820512820506,
    "MGNI": 0.018461538461538453,
    "FIVN": 0.017435897435897428
}