{
    "BND": 0.14851485148514845,
    "JNJ": 0.06930693069306929,
    "PG": 0.049504950495049486,
    "KO": 0.049504950495049486,
    "COST": 0.10396039603960391,
    "AAPL": 0.09405940594059402,
    "MSFT": 0.059405940594059375,
    "JPM": 0.06930693069306929,
    "V": 0.049504950495049486,
    "HD": 0.029702970297029688,
    "AGX": 0.059405940594059375,
    "RMBS": 0.04455445544554453,
    "CRWD": 0.03465346534653464,
    "POWL": 0.039603960396039584,
    "AAON": 0.03465346534653464,
    "FN": 0.03465346534653464,
    "BMI": 0.029702970297029688
}