{
    "NVDA": 0.14761904761904762,
    "MSFT": 0.09047619047619047,
    "GOOGL": 0.09999999999999999,
    "AAPL": 0.07142857142857142,
    "AMZN": 0.05238095238095238,
    "JPM": 0.05714285714285714,
    "PLTR": 0.07142857142857142,
    "RKLB": 0.06666666666666667,
    "CELH": 0.04285714285714285,
    "AXON": 0.047619047619047616,
    "CROX": 0.03333333333333333,
    "IONQ": 0.03809523809523809,
    "V": 0.03809523809523809,
    "HD": 0.02857142857142857,
    "META": 0.03809523809523809,
    "ELF": 0.019047619047619046,
    "SMCI": 0.023809523809523808,
    "UNH": 0.03333333333333333
}