{
    "AAPL": 0.08999999999999998,
    "MSFT": 0.07999999999999999,
    "GOOGL": 0.09999999999999998,
    "AMZN": 0.06999999999999999,
    "JPM": 0.06999999999999999,
    "V": 0.059999999999999984,
    "JNJ": 0.04999999999999999,
    "PG": 0.029999999999999992,
    "HD": 0.029999999999999992,
    "UNH": 0.029999999999999992,
    "AGX": 0.07999999999999999,
    "AXON": 0.059999999999999984,
    "CROX": 0.04999999999999999,
    "CELH": 0.039999999999999994,
    "RMBS": 0.04999999999999999,
    "IIPR": 0.029999999999999992,
    "SMCI": 0.029999999999999992,
    "APPS": 0.019999999999999997,
    "FIVN": 0.009999999999999998,
    "PLUG": 0.019999999999999997
}