{
    "NVDA": 0.13199999999999998,
    "MSFT": 0.07799999999999999,
    "GOOGL": 0.09499999999999997,
    "AAPL": 0.07199999999999998,
    "AMZN": 0.05799999999999999,
    "JPM": 0.06499999999999999,
    "V": 0.04499999999999999,
    "HD": 0.027999999999999994,
    "FTAI": 0.08799999999999998,
    "POWL": 0.07299999999999998,
    "AXON": 0.041999999999999996,
    "CELH": 0.03799999999999999,
    "MEDP": 0.034999999999999996,
    "RMBS": 0.046999999999999986,
    "CROX": 0.030999999999999993,
    "SPSC": 0.027999999999999994,
    "IOT": 0.021999999999999995,
    "ELF": 0.022999999999999996
}