{
    "NVDA": 0.15199999999999997,
    "MSFT": 0.09799999999999998,
    "GOOGL": 0.11199999999999997,
    "AAPL": 0.08799999999999998,
    "AMZN": 0.061999999999999986,
    "JPM": 0.07799999999999999,
    "V": 0.05799999999999999,
    "UNH": 0.031999999999999994,
    "HD": 0.027999999999999994,
    "CROX": 0.051999999999999984,
    "CELH": 0.03799999999999999,
    "AXON": 0.041999999999999996,
    "IIPR": 0.027999999999999994,
    "PLAB": 0.023999999999999994,
    "SMCI": 0.03799999999999999,
    "APPS": 0.017999999999999995,
    "META": 0.031999999999999994,
    "IWM": 0.019999999999999997
}