{
    "NVDA": 0.13271028037383176,
    "MSFT": 0.07289719626168224,
    "GOOGL": 0.11028037383177569,
    "AAPL": 0.057943925233644854,
    "AMZN": 0.05420560747663551,
    "AMD": 0.06728971962616821,
    "JPM": 0.06074766355140187,
    "V": 0.044859813084112146,
    "CRWD": 0.07663551401869159,
    "PLTR": 0.06822429906542055,
    "RKLB": 0.06355140186915888,
    "ASTS": 0.03177570093457944,
    "IONQ": 0.02616822429906542,
    "SOFI": 0.029906542056074764,
    "ENPH": 0.0205607476635514,
    "UNH": 0.03551401869158878,
    "META": 0.02803738317757009,
    "CELH": 0.018691588785046728
}