{
    "AAPL": 0.09199999999999996,
    "MSFT": 0.07499999999999997,
    "GOOGL": 0.08799999999999995,
    "AMZN": 0.07199999999999997,
    "JPM": 0.06299999999999997,
    "V": 0.04499999999999998,
    "JNJ": 0.037999999999999985,
    "PG": 0.02699999999999999,
    "HD": 0.029999999999999985,
    "UNH": 0.02499999999999999,
    "CROX": 0.042999999999999976,
    "FN": 0.06199999999999997,
    "POWL": 0.06799999999999998,
    "AGX": 0.057999999999999975,
    "AAON": 0.04799999999999998,
    "RMBS": 0.05499999999999997,
    "SPSC": 0.01999999999999999,
    "EXLS": 0.029999999999999985,
    "CALM": 0.02399999999999999,
    "TGTX": 0.036999999999999984
}