{
    "NVDA": 0.11499999999999995,
    "MSFT": 0.08199999999999996,
    "AAPL": 0.07799999999999997,
    "GOOGL": 0.08799999999999995,
    "AMZN": 0.06199999999999997,
    "COST": 0.07499999999999997,
    "JPM": 0.06799999999999998,
    "V": 0.04499999999999998,
    "UNH": 0.03199999999999999,
    "HD": 0.027999999999999987,
    "AXON": 0.057999999999999975,
    "TDG": 0.05499999999999997,
    "CROX": 0.037999999999999985,
    "CELH": 0.04199999999999998,
    "AEHR": 0.027999999999999987,
    "POWI": 0.02599999999999999,
    "SMCI": 0.02399999999999999,
    "APPF": 0.029999999999999985,
    "FIVN": 0.011999999999999995,
    "SPT": 0.013999999999999993
}