{
    "AAPL": 0.1019417475728155,
    "MSFT": 0.08252427184466019,
    "GOOGL": 0.11165048543689318,
    "AMZN": 0.0728155339805825,
    "JPM": 0.0728155339805825,
    "V": 0.053398058252427175,
    "JNJ": 0.053398058252427175,
    "HD": 0.033980582524271837,
    "UNH": 0.029126213592233,
    "AXON": 0.0436893203883495,
    "RMBS": 0.058252427184466,
    "POWI": 0.0436893203883495,
    "AAON": 0.03883495145631067,
    "CROX": 0.033980582524271837,
    "TTEK": 0.0436893203883495,
    "PLNT": 0.02427184466019417,
    "SPSC": 0.019417475728155335,
    "CALM": 0.029126213592233,
    "PG": 0.029126213592233,
    "FIVN": 0.02427184466019417
}