{
    "NVDA": 0.13199999999999995,
    "MSFT": 0.07799999999999997,
    "GOOGL": 0.09199999999999996,
    "AAPL": 0.06799999999999998,
    "AMZN": 0.06199999999999997,
    "AXON": 0.05499999999999997,
    "JPM": 0.07199999999999997,
    "V": 0.057999999999999975,
    "POWL": 0.06099999999999997,
    "SITM": 0.04799999999999998,
    "CELH": 0.037999999999999985,
    "CROX": 0.04199999999999998,
    "RMBS": 0.04699999999999998,
    "META": 0.03299999999999999,
    "HD": 0.04399999999999998,
    "ELF": 0.027999999999999987,
    "FIVE": 0.02099999999999999,
    "PLNT": 0.02099999999999999
}