{
    "AAPL": 0.08999999999999996,
    "MSFT": 0.07999999999999996,
    "GOOGL": 0.09999999999999996,
    "AMZN": 0.05999999999999997,
    "JPM": 0.06999999999999998,
    "JNJ": 0.04999999999999998,
    "PG": 0.029999999999999985,
    "V": 0.04999999999999998,
    "HD": 0.029999999999999985,
    "AXON": 0.04999999999999998,
    "CELH": 0.03999999999999998,
    "CROX": 0.04999999999999998,
    "SITM": 0.05999999999999997,
    "RMBS": 0.04999999999999998,
    "PLAB": 0.03999999999999998,
    "SMCI": 0.04999999999999998,
    "APPF": 0.03999999999999998,
    "FIVN": 0.029999999999999985,
    "UNH": 0.029999999999999985
}