{
    "NVDA": 0.10983763132760264,
    "IESC": 0.09073543457497608,
    "SITM": 0.052531041069723,
    "POWL": 0.06208213944603627,
    "AXON": 0.042979942693409726,
    "FN": 0.06208213944603627,
    "AAPL": 0.07163323782234954,
    "MSFT": 0.05539637058261698,
    "GOOGL": 0.06876790830945556,
    "AMZN": 0.04584527220630371,
    "JPM": 0.05539637058261698,
    "V": 0.042979942693409726,
    "UNH": 0.030563514804202472,
    "JNJ": 0.04106972301814707,
    "ENSG": 0.036294173829990437,
    "CROX": 0.026743075453677163,
    "RMBS": 0.03342884431709646,
    "SPSC": 0.01719197707736389,
    "CELH": 0.023877745940783183,
    "META": 0.030563514804202472
}