{
    "VOO": 0.17142857142857137,
    "SCHD": 0.11428571428571425,
    "BND": 0.09523809523809522,
    "VYM": 0.06666666666666665,
    "JNJ": 0.05714285714285713,
    "PG": 0.038095238095238085,
    "KO": 0.038095238095238085,
    "COST": 0.08571428571428569,
    "MSFT": 0.05714285714285713,
    "AAPL": 0.04761904761904761,
    "JPM": 0.05714285714285713,
    "V": 0.04761904761904761,
    "UNH": 0.028571428571428564,
    "CRWD": 0.038095238095238085,
    "AXON": 0.028571428571428564,
    "CROX": 0.019047619047619042,
    "CELH": 0.009523809523809521
}