{
    "VTI": 0.15199999999999994,
    "SCHD": 0.11799999999999994,
    "BND": 0.14499999999999993,
    "BRK-B": 0.08199999999999996,
    "JNJ": 0.06299999999999997,
    "JPM": 0.057999999999999975,
    "MSFT": 0.05499999999999997,
    "AAPL": 0.04799999999999998,
    "KO": 0.04699999999999998,
    "PG": 0.04099999999999998,
    "V": 0.04199999999999998,
    "HD": 0.027999999999999987,
    "AGX": 0.03299999999999999,
    "CROX": 0.02399999999999999,
    "AMR": 0.02099999999999999,
    "CVCO": 0.02099999999999999,
    "PLAB": 0.02199999999999999
}