{
    "AAPL": 0.09199999999999998,
    "MSFT": 0.07799999999999999,
    "GOOGL": 0.09799999999999998,
    "AMZN": 0.061999999999999986,
    "JPM": 0.07099999999999998,
    "V": 0.05799999999999999,
    "JNJ": 0.04499999999999999,
    "PG": 0.031999999999999994,
    "HD": 0.027999999999999994,
    "RMBS": 0.06299999999999999,
    "PLXS": 0.05799999999999999,
    "CROX": 0.041999999999999996,
    "CELH": 0.04799999999999999,
    "AXON": 0.054999999999999986,
    "SFM": 0.040999999999999995,
    "IRTC": 0.027999999999999994,
    "FIVN": 0.020999999999999998,
    "SPSC": 0.023999999999999994,
    "UNH": 0.05599999999999999
}