{
    "VOO": 0.15199999999999997,
    "VTI": 0.09799999999999998,
    "BND": 0.14499999999999996,
    "SCHD": 0.11199999999999997,
    "JNJ": 0.06799999999999999,
    "PG": 0.041999999999999996,
    "KO": 0.03799999999999999,
    "MSFT": 0.05799999999999999,
    "AAPL": 0.061999999999999986,
    "COST": 0.07299999999999998,
    "JPM": 0.04799999999999999,
    "V": 0.04399999999999999,
    "UNH": 0.027999999999999994,
    "HD": 0.021999999999999995,
    "CROX": 0.004999999999999999,
    "AXON": 0.004999999999999999
}