{
    "NVDA": 0.12476370510396972,
    "AAPL": 0.09262759924385632,
    "MSFT": 0.07750472589792058,
    "GOOGL": 0.08317580340264648,
    "AMZN": 0.06805293005671076,
    "JPM": 0.06427221172022683,
    "V": 0.051984877126654054,
    "AXON": 0.05860113421550093,
    "CROX": 0.042533081285444224,
    "RKLB": 0.054820415879017,
    "CELH": 0.0330812854442344,
    "IONQ": 0.03024574669187145,
    "SMCI": 0.026465028355387516,
    "META": 0.028355387523629483,
    "UNH": 0.02362948960302457,
    "VTI": 0.08506616257088845,
    "IWM": 0.054820415879017
}