{
    "BND": 0.13397129186602869,
    "JNJ": 0.07846889952153108,
    "PG": 0.06220095693779902,
    "KO": 0.05550239234449759,
    "JPM": 0.07942583732057414,
    "V": 0.05933014354066984,
    "MSFT": 0.07177033492822964,
    "AAPL": 0.07464114832535883,
    "HD": 0.04306220095693778,
    "WMT": 0.049760765550239214,
    "POWL": 0.05550239234449759,
    "RMBS": 0.03636363636363635,
    "SITM": 0.03157894736842104,
    "AXON": 0.03062200956937798,
    "CROX": 0.02679425837320573,
    "CELH": 0.024880382775119607,
    "PLTR": 0.02105263157894736,
    "AGYS": 0.018181818181818174,
    "VZ": 0.03157894736842104,
    "FROG": 0.01531100478468899
}