{
    "AAPL": 0.07199999999999998,
    "MSFT": 0.07799999999999999,
    "GOOGL": 0.08799999999999998,
    "AMZN": 0.054999999999999986,
    "JPM": 0.06799999999999999,
    "JNJ": 0.04499999999999999,
    "PG": 0.031999999999999994,
    "V": 0.051999999999999984,
    "UNH": 0.029999999999999992,
    "HD": 0.027999999999999994,
    "FN": 0.06999999999999999,
    "AXON": 0.04499999999999999,
    "CROX": 0.034999999999999996,
    "CELH": 0.029999999999999992,
    "RMBS": 0.04799999999999999,
    "SITM": 0.039999999999999994,
    "ELF": 0.019999999999999997,
    "PLNT": 0.023999999999999994,
    "SPSC": 0.029999999999999992,
    "IWM": 0.10999999999999997
}