{
    "VTI": 0.14901960784313723,
    "VOO": 0.11568627450980389,
    "SCHD": 0.10588235294117644,
    "BRK-B": 0.08039215686274508,
    "AGG": 0.10784313725490194,
    "BND": 0.08823529411764704,
    "MSFT": 0.05686274509803921,
    "AAPL": 0.04607843137254901,
    "V": 0.05098039215686273,
    "JNJ": 0.04705882352941176,
    "KO": 0.03627450980392156,
    "AVUV": 0.037254901960784306,
    "IJR": 0.029411764705882346,
    "VB": 0.02647058823529411,
    "CRWD": 0.02254901960784313
}