{
    "MSFT": 0.09799999999999998,
    "GOOGL": 0.10199999999999997,
    "AAPL": 0.07799999999999999,
    "AMZN": 0.061999999999999986,
    "JPM": 0.07199999999999998,
    "V": 0.05799999999999999,
    "JNJ": 0.04499999999999999,
    "PG": 0.031999999999999994,
    "UNH": 0.034999999999999996,
    "HD": 0.027999999999999994,
    "POWL": 0.07299999999999998,
    "AXON": 0.04799999999999999,
    "CELH": 0.03799999999999999,
    "CROX": 0.041999999999999996,
    "AMR": 0.03599999999999999,
    "SITM": 0.051999999999999984,
    "IIPR": 0.027999999999999994,
    "FIVE": 0.030999999999999993,
    "PLAB": 0.021999999999999995,
    "APPS": 0.019999999999999997
}