{
    "BND": 0.13592233009708735,
    "AGG": 0.09708737864077668,
    "SCHD": 0.116504854368932,
    "VTI": 0.11165048543689318,
    "JNJ": 0.058252427184466,
    "PG": 0.0436893203883495,
    "KO": 0.0436893203883495,
    "MSFT": 0.06796116504854367,
    "AAPL": 0.053398058252427175,
    "COST": 0.06310679611650484,
    "JPM": 0.058252427184466,
    "V": 0.0436893203883495,
    "HD": 0.029126213592233,
    "CROX": 0.029126213592233,
    "CELH": 0.02427184466019417,
    "AXON": 0.02427184466019417
}