{
    "AAPL": 0.10396039603960393,
    "MSFT": 0.08415841584158415,
    "GOOGL": 0.11386138613861384,
    "AMZN": 0.08415841584158415,
    "JPM": 0.07425742574257424,
    "V": 0.05940594059405939,
    "JNJ": 0.044554455445544545,
    "HD": 0.03465346534653465,
    "UNH": 0.029702970297029695,
    "AXON": 0.05940594059405939,
    "CELH": 0.044554455445544545,
    "CROX": 0.0396039603960396,
    "RMBS": 0.05445544554455444,
    "ENPH": 0.029702970297029695,
    "IONQ": 0.03465346534653465,
    "SMCI": 0.03465346534653465,
    "FIVN": 0.0198019801980198,
    "PLUG": 0.014851485148514847,
    "ASAN": 0.014851485148514847,
    "PG": 0.024752475247524747
}