{
    "NVDA": 0.11574074074074069,
    "MSFT": 0.0759259259259259,
    "GOOGL": 0.0907407407407407,
    "AAPL": 0.07222222222222219,
    "AMZN": 0.06666666666666662,
    "JPM": 0.06296296296296294,
    "V": 0.0509259259259259,
    "UNH": 0.029629629629629617,
    "HD": 0.027777777777777762,
    "AXON": 0.053703703703703684,
    "CROX": 0.038888888888888876,
    "PLTR": 0.0509259259259259,
    "RMBS": 0.044444444444444425,
    "CELH": 0.03240740740740739,
    "META": 0.027777777777777762,
    "IONQ": 0.025925925925925915,
    "SMCI": 0.027777777777777762,
    "APPS": 0.016666666666666656,
    "FTDR": 0.02407407407407406,
    "IWM": 0.06481481481481478
}