{
    "NVDA": 0.14199999999999996,
    "AAPL": 0.09799999999999998,
    "MSFT": 0.07199999999999998,
    "GOOGL": 0.10799999999999997,
    "AMZN": 0.061999999999999986,
    "JPM": 0.05799999999999999,
    "V": 0.04799999999999999,
    "FN": 0.07299999999999998,
    "POWL": 0.06699999999999999,
    "RMBS": 0.05799999999999999,
    "AAON": 0.041999999999999996,
    "AXON": 0.03799999999999999,
    "CROX": 0.031999999999999994,
    "CELH": 0.026999999999999993,
    "HD": 0.03799999999999999,
    "ELF": 0.017999999999999995,
    "DUOL": 0.018999999999999996
}