{
    "NVDA": 0.13235294117647053,
    "MSFT": 0.07843137254901958,
    "GOOGL": 0.09313725490196074,
    "AAPL": 0.07352941176470584,
    "AMZN": 0.05882352941176468,
    "JPM": 0.05882352941176468,
    "V": 0.04901960784313723,
    "UNH": 0.02941176470588234,
    "CRWD": 0.08823529411764701,
    "PLTR": 0.053921568627450955,
    "AXON": 0.044117647058823505,
    "RKLB": 0.053921568627450955,
    "CELH": 0.02941176470588234,
    "ENPH": 0.024509803921568617,
    "IONQ": 0.02941176470588234,
    "SOFI": 0.024509803921568617,
    "META": 0.02941176470588234,
    "DKNG": 0.019607843137254895,
    "TDOC": 0.009803921568627447,
    "UPST": 0.019607843137254895
}