{
    "AAPL": 0.08631578947368418,
    "MSFT": 0.08210526315789471,
    "GOOGL": 0.09999999999999996,
    "AMZN": 0.06526315789473681,
    "JPM": 0.07157894736842103,
    "V": 0.05789473684210524,
    "JNJ": 0.03999999999999998,
    "PG": 0.03157894736842104,
    "HD": 0.033684210526315775,
    "UNH": 0.036842105263157884,
    "AXON": 0.061052631578947344,
    "CROX": 0.04736842105263156,
    "CELH": 0.04210526315789472,
    "SITM": 0.05473684210526313,
    "RMBS": 0.05052631578947366,
    "BJ": 0.04421052631578946,
    "APPN": 0.018947368421052622,
    "FIVN": 0.01789473684210526,
    "UPST": 0.03157894736842104,
    "PLUG": 0.026315789473684202
}