{
    "AAPL": 0.09299999999999996,
    "MSFT": 0.07799999999999997,
    "GOOGL": 0.10199999999999995,
    "AMZN": 0.06799999999999998,
    "JPM": 0.07199999999999997,
    "V": 0.057999999999999975,
    "JNJ": 0.04199999999999998,
    "PG": 0.03199999999999999,
    "HD": 0.027999999999999987,
    "UNH": 0.02499999999999999,
    "AXON": 0.057999999999999975,
    "CELH": 0.03499999999999999,
    "SFM": 0.04499999999999998,
    "CROX": 0.037999999999999985,
    "DECK": 0.04799999999999998,
    "FIVE": 0.036999999999999984,
    "TREX": 0.04099999999999998,
    "PLAB": 0.03499999999999999,
    "ELF": 0.03599999999999998,
    "SPT": 0.028999999999999988
}