{
    "AAPL": 0.0857142857142857,
    "MSFT": 0.05714285714285714,
    "JNJ": 0.07142857142857142,
    "PG": 0.047619047619047616,
    "KO": 0.05238095238095238,
    "V": 0.06666666666666667,
    "JPM": 0.06190476190476191,
    "COST": 0.07619047619047618,
    "HD": 0.02857142857142857,
    "VIG": 0.07619047619047618,
    "BND": 0.09523809523809523,
    "AGG": 0.0857142857142857,
    "FN": 0.03333333333333333,
    "PLXS": 0.03809523809523809,
    "AAON": 0.023809523809523808,
    "CROX": 0.019047619047619046,
    "CALM": 0.03333333333333333,
    "WMT": 0.047619047619047616
}