{
    "NVDA": 0.12799999999999995,
    "MSFT": 0.08199999999999996,
    "GOOGL": 0.09499999999999996,
    "AAPL": 0.07799999999999997,
    "AMZN": 0.06199999999999997,
    "JPM": 0.057999999999999975,
    "V": 0.04499999999999998,
    "CRWD": 0.07199999999999997,
    "PLTR": 0.057999999999999975,
    "AXON": 0.04799999999999998,
    "RKLB": 0.05499999999999997,
    "CELH": 0.03499999999999999,
    "FSLR": 0.027999999999999987,
    "IONQ": 0.02499999999999999,
    "SOFI": 0.02199999999999999,
    "DKNG": 0.01799999999999999,
    "UNH": 0.02099999999999999,
    "META": 0.03499999999999999,
    "IWM": 0.01999999999999999,
    "VB": 0.014999999999999993
}