{
    "NVDA": 0.14799999999999996,
    "AAPL": 0.11199999999999997,
    "MSFT": 0.07799999999999999,
    "GOOGL": 0.10799999999999997,
    "AMZN": 0.08199999999999999,
    "JPM": 0.07299999999999998,
    "V": 0.04799999999999999,
    "UNH": 0.031999999999999994,
    "HD": 0.027999999999999994,
    "CELH": 0.041999999999999996,
    "CROX": 0.05799999999999999,
    "AXON": 0.046999999999999986,
    "SMCI": 0.023999999999999994,
    "ELF": 0.020999999999999998,
    "IWM": 0.04899999999999999,
    "VBK": 0.04999999999999999
}