{
    "AAPL": 0.10576923076923074,
    "MSFT": 0.06730769230769229,
    "COST": 0.11057692307692306,
    "JPM": 0.08653846153846151,
    "JNJ": 0.08653846153846151,
    "PG": 0.057692307692307675,
    "KO": 0.05288461538461537,
    "V": 0.0721153846153846,
    "HD": 0.033653846153846145,
    "UNH": 0.03846153846153845,
    "WMT": 0.057692307692307675,
    "AAON": 0.043269230769230754,
    "CROX": 0.03846153846153845,
    "SITM": 0.028846153846153837,
    "CELH": 0.024038461538461533,
    "BOOT": 0.019230769230769225,
    "FIVE": 0.019230769230769225,
    "PLNT": 0.009615384615384612,
    "ASO": 0.019230769230769225,
    "VZ": 0.028846153846153837
}