{
    "AGG": 0.08999999999999998,
    "BND": 0.08999999999999998,
    "SCHD": 0.10999999999999997,
    "VIG": 0.09999999999999998,
    "JNJ": 0.059999999999999984,
    "PG": 0.04999999999999999,
    "KO": 0.04999999999999999,
    "COST": 0.08999999999999998,
    "MSFT": 0.06999999999999999,
    "AAPL": 0.059999999999999984,
    "JPM": 0.06999999999999999,
    "V": 0.059999999999999984,
    "HD": 0.029999999999999992,
    "SFM": 0.029999999999999992,
    "CROX": 0.019999999999999997,
    "CELH": 0.019999999999999997
}