{
    "AAPL": 0.07799999999999999,
    "MSFT": 0.09199999999999998,
    "GOOGL": 0.09799999999999998,
    "AMZN": 0.061999999999999986,
    "JPM": 0.06799999999999999,
    "V": 0.051999999999999984,
    "JNJ": 0.04799999999999999,
    "UNH": 0.031999999999999994,
    "AMD": 0.05799999999999999,
    "FTAI": 0.08199999999999999,
    "CROX": 0.040999999999999995,
    "CELH": 0.032999999999999995,
    "RMBS": 0.046999999999999986,
    "MEDP": 0.03799999999999999,
    "AXON": 0.03599999999999999,
    "SPSC": 0.024999999999999994,
    "ENVX": 0.019999999999999997,
    "IOT": 0.029999999999999992,
    "PG": 0.03799999999999999,
    "HD": 0.021999999999999995
}