{
    "NVDA": 0.13199999999999998,
    "MSFT": 0.07799999999999999,
    "GOOGL": 0.08899999999999998,
    "AAPL": 0.07099999999999998,
    "AMZN": 0.061999999999999986,
    "JPM": 0.05799999999999999,
    "V": 0.051999999999999984,
    "IESC": 0.09399999999999997,
    "FTAI": 0.08799999999999998,
    "AXON": 0.04799999999999999,
    "RMBS": 0.054999999999999986,
    "CROX": 0.03799999999999999,
    "MHO": 0.040999999999999995,
    "CELH": 0.03599999999999999,
    "PLAB": 0.027999999999999994,
    "CVLT": 0.029999999999999992
}