{
    "AAPL": 0.10945273631840792,
    "MSFT": 0.08955223880597012,
    "GOOGL": 0.10447761194029846,
    "AMZN": 0.07462686567164176,
    "JPM": 0.06965174129353233,
    "SPY": 0.12935323383084574,
    "JNJ": 0.049751243781094516,
    "PG": 0.029850746268656705,
    "UNH": 0.03482587064676616,
    "HD": 0.024875621890547258,
    "V": 0.03980099502487561,
    "CELH": 0.04477611940298506,
    "CROX": 0.05472636815920396,
    "FIVE": 0.029850746268656705,
    "ASO": 0.024875621890547258,
    "IRDM": 0.03482587064676616,
    "SMCI": 0.03482587064676616,
    "UPST": 0.019900497512437804
}