{
    "BND": 0.1167315175097276,
    "SCHD": 0.12451361867704278,
    "VTI": 0.12840466926070038,
    "JNJ": 0.060311284046692594,
    "PG": 0.04669260700389104,
    "KO": 0.04377431906614785,
    "JPM": 0.07003891050583655,
    "MSFT": 0.06614785992217898,
    "AAPL": 0.05350194552529182,
    "V": 0.050583657587548625,
    "HD": 0.036964980544747075,
    "UNH": 0.03404669260700389,
    "AGX": 0.04182879377431905,
    "CROX": 0.027237354085603106,
    "DECK": 0.031128404669260694,
    "CELH": 0.021400778210116725,
    "SITM": 0.017509727626459137,
    "AXON": 0.0291828793774319
}