{
    "AAPL": 0.08631578947368419,
    "MSFT": 0.08210526315789471,
    "GOOGL": 0.09263157894736838,
    "AMZN": 0.06526315789473683,
    "JPM": 0.07473684210526313,
    "JNJ": 0.04736842105263156,
    "PG": 0.03368421052631578,
    "V": 0.05789473684210525,
    "UNH": 0.029473684210526308,
    "HD": 0.03157894736842104,
    "AGX": 0.07157894736842103,
    "AXON": 0.05052631578947367,
    "CELH": 0.036842105263157884,
    "CROX": 0.03368421052631578,
    "SITM": 0.06105263157894735,
    "FRPT": 0.029473684210526308,
    "SFM": 0.044210526315789464,
    "UPWK": 0.029473684210526308,
    "FIVN": 0.02105263157894736,
    "PLUG": 0.02105263157894736
}