{
    "AAPL": 0.10552763819095472,
    "MSFT": 0.10552763819095472,
    "GOOGL": 0.11557788944723614,
    "AMZN": 0.08542713567839193,
    "JPM": 0.07537688442211052,
    "JNJ": 0.055276381909547714,
    "PG": 0.04020100502512561,
    "V": 0.06030150753768841,
    "HD": 0.04522613065326631,
    "UNH": 0.04020100502512561,
    "CROX": 0.04522613065326631,
    "AXON": 0.06030150753768841,
    "RMBS": 0.055276381909547714,
    "CELH": 0.05025125628140702,
    "SMCI": 0.03517587939698491,
    "BBIO": 0.02512562814070351
}