{
    "AAPL": 0.10194174757281553,
    "MSFT": 0.09223300970873786,
    "BRK-B": 0.08737864077669902,
    "JPM": 0.0825242718446602,
    "JNJ": 0.07281553398058252,
    "PG": 0.058252427184466014,
    "KO": 0.05339805825242718,
    "V": 0.0679611650485437,
    "HD": 0.04368932038834951,
    "VIG": 0.0679611650485437,
    "BND": 0.11650485436893203,
    "PLTR": 0.03398058252427185,
    "DOCN": 0.029126213592233007,
    "BLDR": 0.024271844660194174,
    "PGNY": 0.019417475728155338,
    "CRSR": 0.012135922330097087,
    "AMBA": 0.012135922330097087,
    "MGNI": 0.012135922330097087,
    "FROG": 0.012135922330097087
}