{
    "NVDA": 0.13199999999999995,
    "AAPL": 0.09799999999999996,
    "MSFT": 0.07799999999999997,
    "GOOGL": 0.09199999999999996,
    "AMZN": 0.06799999999999998,
    "JPM": 0.06199999999999997,
    "V": 0.05499999999999997,
    "UNH": 0.037999999999999985,
    "XOM": 0.03199999999999999,
    "AXON": 0.057999999999999975,
    "CELH": 0.04199999999999998,
    "CROX": 0.04799999999999998,
    "POWI": 0.03599999999999998,
    "SFM": 0.03399999999999999,
    "FIVE": 0.02699999999999999,
    "WING": 0.03499999999999999,
    "IWM": 0.06499999999999997
}