{
    "NVDA": 0.13106796116504854,
    "MSFT": 0.07281553398058252,
    "GOOGL": 0.10194174757281553,
    "AMZN": 0.07281553398058252,
    "AAPL": 0.058252427184466014,
    "CRWD": 0.0825242718446602,
    "PLTR": 0.0679611650485437,
    "RKLB": 0.07281553398058252,
    "JPM": 0.06310679611650485,
    "V": 0.04368932038834951,
    "HD": 0.029126213592233007,
    "IONQ": 0.038834951456310676,
    "SOFI": 0.024271844660194174,
    "DKNG": 0.024271844660194174,
    "AFRM": 0.019417475728155338,
    "ROKU": 0.019417475728155338,
    "UNH": 0.04854368932038835,
    "META": 0.029126213592233007
}