{
    "VOO": 0.18199999999999997,
    "BND": 0.15299999999999997,
    "VXUS": 0.07199999999999998,
    "BRK-B": 0.08299999999999999,
    "MSFT": 0.05799999999999999,
    "AAPL": 0.051999999999999984,
    "JNJ": 0.060999999999999985,
    "PG": 0.04799999999999999,
    "KO": 0.04499999999999999,
    "COST": 0.06799999999999999,
    "JPM": 0.05699999999999999,
    "V": 0.04299999999999999,
    "HD": 0.030999999999999993,
    "AXON": 0.017999999999999995,
    "CROX": 0.011999999999999997,
    "RMBS": 0.010999999999999998,
    "CELH": 0.005999999999999998
}