{
    "NVDA": 0.13199999999999998,
    "IESC": 0.09799999999999998,
    "AXON": 0.051999999999999984,
    "MSFT": 0.08299999999999999,
    "GOOGL": 0.08699999999999998,
    "AAPL": 0.07199999999999998,
    "AMZN": 0.05799999999999999,
    "COST": 0.07599999999999998,
    "JPM": 0.061999999999999986,
    "POWL": 0.05799999999999999,
    "CROX": 0.03799999999999999,
    "CELH": 0.031999999999999994,
    "V": 0.04499999999999999,
    "IWM": 0.04799999999999999,
    "VBK": 0.030999999999999993,
    "META": 0.027999999999999994
}