{
    "MSFT": 0.11199999999999997,
    "GOOGL": 0.10799999999999997,
    "AAPL": 0.09499999999999997,
    "JPM": 0.08199999999999999,
    "V": 0.05799999999999999,
    "AMZN": 0.061999999999999986,
    "JNJ": 0.04799999999999999,
    "UNH": 0.034999999999999996,
    "HD": 0.031999999999999994,
    "AXON": 0.05799999999999999,
    "PLTR": 0.07299999999999998,
    "RKLB": 0.060999999999999985,
    "CELH": 0.04299999999999999,
    "CROX": 0.03799999999999999,
    "FIVE": 0.030999999999999993,
    "IONQ": 0.026999999999999993,
    "CVNA": 0.020999999999999998,
    "SMCI": 0.015999999999999997
}