{
    "AAPL": 0.09587628865979378,
    "MSFT": 0.08453608247422678,
    "GOOGL": 0.11134020618556698,
    "AMZN": 0.07731958762886595,
    "JPM": 0.0804123711340206,
    "V": 0.06391752577319586,
    "JNJ": 0.04639175257731957,
    "HD": 0.036082474226804113,
    "UNH": 0.030927835051546382,
    "PG": 0.03298969072164947,
    "AXON": 0.05670103092783503,
    "CELH": 0.03917525773195875,
    "CROX": 0.04123711340206184,
    "RMBS": 0.06391752577319586,
    "SMCI": 0.036082474226804113,
    "IONQ": 0.02886597938144329,
    "CRSP": 0.02577319587628865,
    "UPST": 0.02061855670103092,
    "FIVN": 0.015463917525773191,
    "PLUG": 0.012371134020618553
}