{
    "BND": 0.16981132075471697,
    "VOO": 0.14339622641509434,
    "JNJ": 0.06792452830188678,
    "PG": 0.04245283018867924,
    "KO": 0.045283018867924525,
    "JPM": 0.07830188679245283,
    "V": 0.05471698113207547,
    "MSFT": 0.06792452830188678,
    "AAPL": 0.06415094339622641,
    "HD": 0.03962264150943396,
    "UNH": 0.035849056603773584,
    "FN": 0.0490566037735849,
    "AXON": 0.02924528301886792,
    "BOOT": 0.02452830188679245,
    "CROX": 0.022641509433962263,
    "CELH": 0.02641509433962264,
    "AGYS": 0.020754716981132074,
    "FIVE": 0.017924528301886792
}