{
    "VOO": 0.19047619047619047,
    "BND": 0.14285714285714285,
    "JNJ": 0.06666666666666667,
    "PG": 0.047619047619047616,
    "KO": 0.04285714285714285,
    "V": 0.06666666666666667,
    "JPM": 0.06190476190476191,
    "MSFT": 0.05714285714285714,
    "AAPL": 0.05238095238095238,
    "HD": 0.03809523809523809,
    "WMT": 0.03333333333333333,
    "VBK": 0.047619047619047616,
    "POWL": 0.04285714285714285,
    "SITM": 0.023809523809523808,
    "AXON": 0.023809523809523808,
    "CROX": 0.019047619047619046,
    "CELH": 0.023809523809523808,
    "FIVE": 0.019047619047619046
}