{
    "NVDA": 0.1352380952380952,
    "MSFT": 0.0838095238095238,
    "GOOGL": 0.09047619047619047,
    "AAPL": 0.07809523809523809,
    "AMZN": 0.05523809523809524,
    "JPM": 0.05904761904761904,
    "V": 0.05238095238095238,
    "HD": 0.026666666666666665,
    "SITM": 0.06857142857142856,
    "POWL": 0.06,
    "RMBS": 0.05523809523809524,
    "FN": 0.04952380952380952,
    "AXON": 0.03333333333333333,
    "CELH": 0.026666666666666665,
    "CROX": 0.02095238095238095,
    "ASO": 0.01714285714285714,
    "FRPT": 0.02095238095238095,
    "META": 0.03809523809523809,
    "UNH": 0.02857142857142857,
    "ENVX": 0.0
}