{
    "AAPL": 0.09199999999999996,
    "MSFT": 0.07799999999999997,
    "GOOGL": 0.10099999999999996,
    "AMZN": 0.06799999999999998,
    "JPM": 0.07299999999999997,
    "V": 0.05199999999999998,
    "JNJ": 0.042999999999999976,
    "PG": 0.03199999999999999,
    "HD": 0.027999999999999987,
    "UNH": 0.030999999999999986,
    "AXON": 0.057999999999999975,
    "CELH": 0.04199999999999998,
    "CROX": 0.04699999999999998,
    "RMBS": 0.050999999999999976,
    "PLAB": 0.03299999999999999,
    "AEIS": 0.037999999999999985,
    "SPSC": 0.02699999999999999,
    "FIVN": 0.02099999999999999,
    "ALKT": 0.014999999999999993,
    "IWM": 0.06999999999999998
}