{
    "AAPL": 0.08723404255319146,
    "MSFT": 0.08297872340425529,
    "GOOGL": 0.10425531914893613,
    "AMZN": 0.07659574468085102,
    "JNJ": 0.047872340425531894,
    "JPM": 0.06595744680851061,
    "V": 0.05106382978723402,
    "PG": 0.03723404255319148,
    "HD": 0.03191489361702126,
    "UNH": 0.021276595744680844,
    "AXON": 0.058510638297872314,
    "CELH": 0.03191489361702126,
    "CROX": 0.03723404255319148,
    "PLTR": 0.07234042553191487,
    "RKLB": 0.06595744680851061,
    "SMCI": 0.02978723404255318,
    "IONQ": 0.03404255319148935,
    "FROG": 0.026595744680851054,
    "UPST": 0.021276595744680844,
    "AI": 0.01595744680851063
}