{
    "BND": 0.14999999999999997,
    "SCHD": 0.12999999999999998,
    "VYM": 0.07999999999999999,
    "VTI": 0.09999999999999998,
    "JNJ": 0.059999999999999984,
    "PG": 0.04999999999999999,
    "KO": 0.04999999999999999,
    "COST": 0.07999999999999999,
    "JPM": 0.06999999999999999,
    "MSFT": 0.059999999999999984,
    "AAPL": 0.04999999999999999,
    "V": 0.04999999999999999,
    "PLTR": 0.029999999999999992,
    "RKLB": 0.019999999999999997,
    "IONQ": 0.019999999999999997
}