{
    "AAPL": 0.09183673469387751,
    "MSFT": 0.07653061224489792,
    "GOOGL": 0.1071428571428571,
    "AMZN": 0.06632653061224487,
    "JPM": 0.08163265306122446,
    "V": 0.056122448979591816,
    "JNJ": 0.04591836734693876,
    "PG": 0.03061224489795917,
    "HD": 0.03061224489795917,
    "UNH": 0.03061224489795917,
    "CROX": 0.04591836734693876,
    "RMBS": 0.056122448979591816,
    "AXON": 0.051020408163265286,
    "CELH": 0.035714285714285705,
    "SFM": 0.04591836734693876,
    "SITM": 0.04591836734693876,
    "ELF": 0.025510204081632643,
    "FRPT": 0.03061224489795917,
    "ANF": 0.025510204081632643,
    "PGNY": 0.020408163265306114
}