{
    "AAPL": 0.11499999999999998,
    "MSFT": 0.10499999999999997,
    "GOOGL": 0.12199999999999997,
    "AMZN": 0.07799999999999999,
    "JPM": 0.08199999999999999,
    "JNJ": 0.05799999999999999,
    "PG": 0.041999999999999996,
    "HD": 0.034999999999999996,
    "V": 0.04499999999999999,
    "UNH": 0.027999999999999994,
    "CROX": 0.07299999999999998,
    "POWI": 0.051999999999999984,
    "PLAB": 0.04799999999999999,
    "CALX": 0.04499999999999999,
    "AVAV": 0.03799999999999999,
    "BAND": 0.033999999999999996
}