{
    "AAPL": 0.10515463917525769,
    "MSFT": 0.09072164948453605,
    "GOOGL": 0.1185567010309278,
    "AMZN": 0.07422680412371131,
    "JPM": 0.07010309278350514,
    "JNJ": 0.04639175257731957,
    "PG": 0.036082474226804113,
    "V": 0.053608247422680395,
    "HD": 0.030927835051546382,
    "UNH": 0.02886597938144329,
    "RMBS": 0.07525773195876286,
    "SMTC": 0.05979381443298967,
    "POWI": 0.04845360824742267,
    "CROX": 0.044329896907216476,
    "SHOO": 0.022680412371134013,
    "CALX": 0.02577319587628865,
    "FIVN": 0.02061855670103092,
    "FOXF": 0.018556701030927828,
    "PRGS": 0.029896907216494836
}