{
    "AAPL": 0.06999999999999999,
    "MSFT": 0.059999999999999984,
    "GOOGL": 0.06999999999999999,
    "AMZN": 0.04999999999999999,
    "NVDA": 0.059999999999999984,
    "AVGO": 0.06999999999999999,
    "QQQ": 0.07999999999999999,
    "VOO": 0.08999999999999998,
    "SCHD": 0.10999999999999997,
    "VIG": 0.07999999999999999,
    "VYM": 0.04999999999999999,
    "JNJ": 0.039999999999999994,
    "ABBV": 0.039999999999999994,
    "PG": 0.029999999999999992,
    "JPM": 0.04999999999999999,
    "V": 0.04999999999999999
}