{
    "NVDA": 0.13199999999999998,
    "MSFT": 0.07799999999999999,
    "GOOGL": 0.09799999999999998,
    "AAPL": 0.07199999999999998,
    "AMZN": 0.05799999999999999,
    "JPM": 0.061999999999999986,
    "V": 0.04799999999999999,
    "CRWD": 0.08199999999999999,
    "PLTR": 0.06799999999999999,
    "AXON": 0.05799999999999999,
    "CELH": 0.031999999999999994,
    "RKLB": 0.051999999999999984,
    "ENPH": 0.027999999999999994,
    "TTD": 0.031999999999999994,
    "ASTS": 0.027999999999999994,
    "IONQ": 0.023999999999999994,
    "SOFI": 0.017999999999999995,
    "META": 0.029999999999999992
}