{
    "AAPL": 0.10499999999999997,
    "MSFT": 0.08199999999999999,
    "GOOGL": 0.09799999999999998,
    "AMZN": 0.07199999999999998,
    "JPM": 0.05799999999999999,
    "JNJ": 0.04499999999999999,
    "PG": 0.031999999999999994,
    "HD": 0.027999999999999994,
    "UNH": 0.024999999999999994,
    "SITM": 0.07299999999999998,
    "POWL": 0.06799999999999999,
    "FORM": 0.061999999999999986,
    "CROX": 0.03799999999999999,
    "AAON": 0.04499999999999999,
    "ENSG": 0.051999999999999984,
    "BMI": 0.033999999999999996,
    "EXLS": 0.026999999999999993,
    "SPSC": 0.020999999999999998,
    "V": 0.034999999999999996
}