{
    "MSFT": 0.09199999999999996,
    "GOOGL": 0.08799999999999995,
    "AAPL": 0.07799999999999997,
    "JPM": 0.07199999999999997,
    "AMZN": 0.057999999999999975,
    "V": 0.05499999999999997,
    "JNJ": 0.04799999999999998,
    "PG": 0.03199999999999999,
    "HD": 0.029999999999999985,
    "UNH": 0.03499999999999999,
    "POWL": 0.06799999999999998,
    "FN": 0.06199999999999997,
    "AXON": 0.04499999999999998,
    "CROX": 0.037999999999999985,
    "CELH": 0.029999999999999985,
    "RMBS": 0.04499999999999998,
    "APPF": 0.027999999999999987,
    "FIVE": 0.02599999999999999,
    "SMCI": 0.03499999999999999,
    "IONQ": 0.03499999999999999
}