{
    "NVDA": 0.1281553398058252,
    "MSFT": 0.07572815533980579,
    "GOOGL": 0.08543689320388345,
    "AAPL": 0.06990291262135918,
    "AMZN": 0.05631067961165046,
    "JPM": 0.060194174757281525,
    "V": 0.046601941747572796,
    "HD": 0.03106796116504853,
    "META": 0.027184466019417465,
    "POWL": 0.060194174757281525,
    "SITM": 0.05631067961165046,
    "RMBS": 0.046601941747572796,
    "CRWD": 0.060194174757281525,
    "AXON": 0.040776699029126194,
    "CROX": 0.03689320388349513,
    "CELH": 0.03106796116504853,
    "FROG": 0.029126213592232997,
    "SPT": 0.01941747572815533,
    "UNH": 0.03883495145631066
}