{
    "NVDA": 0.14199999999999996,
    "MSFT": 0.09199999999999998,
    "GOOGL": 0.09799999999999998,
    "AAPL": 0.07799999999999999,
    "AMZN": 0.06299999999999999,
    "CRWD": 0.08199999999999999,
    "PLTR": 0.05799999999999999,
    "AXON": 0.051999999999999984,
    "JPM": 0.06699999999999999,
    "V": 0.054999999999999986,
    "RMBS": 0.04799999999999999,
    "CELH": 0.04299999999999999,
    "ELF": 0.031999999999999994,
    "IONQ": 0.029999999999999992,
    "SOFI": 0.029999999999999992,
    "META": 0.029999999999999992
}