{
    "AAPL": 0.10194174757281553,
    "MSFT": 0.0825242718446602,
    "GOOGL": 0.11165048543689321,
    "AMZN": 0.08737864077669902,
    "JPM": 0.0825242718446602,
    "V": 0.058252427184466014,
    "JNJ": 0.04854368932038835,
    "PG": 0.03398058252427185,
    "HD": 0.029126213592233007,
    "AXON": 0.07281553398058252,
    "CROX": 0.058252427184466014,
    "RMBS": 0.06310679611650485,
    "CELH": 0.04368932038834951,
    "IIPR": 0.03398058252427185,
    "IONQ": 0.03398058252427185,
    "AMBA": 0.024271844660194174,
    "FROG": 0.019417475728155338,
    "PLUG": 0.014563106796116504
}