{
    "BND": 0.14218009478672985,
    "VTI": 0.13270142180094788,
    "JNJ": 0.05687203791469195,
    "KO": 0.04265402843601896,
    "PG": 0.037914691943127965,
    "BRK-B": 0.07582938388625593,
    "COST": 0.07109004739336493,
    "MSFT": 0.05687203791469195,
    "AAPL": 0.05213270142180095,
    "JPM": 0.05687203791469195,
    "HD": 0.03317535545023697,
    "V": 0.04265402843601896,
    "POWL": 0.04265402843601896,
    "AGX": 0.037914691943127965,
    "AXON": 0.028436018957345974,
    "RMBS": 0.023696682464454978,
    "CROX": 0.018957345971563982,
    "CELH": 0.018957345971563982,
    "FIVE": 0.014218009478672987,
    "SPSC": 0.014218009478672987
}