{
    "BND": 0.15199999999999997,
    "VYM": 0.08799999999999998,
    "JNJ": 0.07199999999999998,
    "PG": 0.04799999999999999,
    "KO": 0.04499999999999999,
    "COST": 0.09799999999999998,
    "MSFT": 0.07199999999999998,
    "AAPL": 0.06799999999999999,
    "JPM": 0.08199999999999999,
    "HD": 0.03799999999999999,
    "UNH": 0.031999999999999994,
    "V": 0.054999999999999986,
    "AXON": 0.034999999999999996,
    "CROX": 0.03799999999999999,
    "RMBS": 0.032999999999999995,
    "SITM": 0.027999999999999994,
    "CELH": 0.015999999999999997
}