{
    "NVDA": 0.13199999999999995,
    "MSFT": 0.07799999999999997,
    "GOOGL": 0.11299999999999995,
    "AAPL": 0.08699999999999995,
    "AMZN": 0.06199999999999997,
    "JPM": 0.06799999999999998,
    "V": 0.04099999999999998,
    "UNH": 0.027999999999999987,
    "HD": 0.03199999999999999,
    "AXON": 0.04799999999999998,
    "CROX": 0.036999999999999984,
    "CELH": 0.03299999999999999,
    "RMBS": 0.057999999999999975,
    "SITM": 0.05499999999999997,
    "PLAB": 0.030999999999999986,
    "AEIS": 0.036999999999999984,
    "IIPR": 0.027999999999999987,
    "SMCI": 0.03199999999999999
}