{
    "AAPL": 0.08199999999999999,
    "MSFT": 0.07799999999999999,
    "GOOGL": 0.10799999999999997,
    "AMZN": 0.07199999999999998,
    "NVDA": 0.13199999999999998,
    "META": 0.034999999999999996,
    "JPM": 0.08499999999999999,
    "V": 0.054999999999999986,
    "UNH": 0.027999999999999994,
    "HD": 0.029999999999999992,
    "CROX": 0.04799999999999999,
    "CELH": 0.031999999999999994,
    "FIVE": 0.029999999999999992,
    "AXON": 0.05799999999999999,
    "SMCI": 0.04499999999999999,
    "IONQ": 0.034999999999999996,
    "APPS": 0.014999999999999996,
    "PLUG": 0.011999999999999997,
    "RILY": 0.009999999999999998,
    "FUBO": 0.009999999999999998
}