{
    "NVDA": 0.11199999999999997,
    "SMH": 0.10799999999999997,
    "QQQ": 0.09799999999999998,
    "VTI": 0.08199999999999999,
    "MSFT": 0.061999999999999986,
    "AAPL": 0.05799999999999999,
    "GOOGL": 0.07199999999999998,
    "AMZN": 0.04799999999999999,
    "JPM": 0.054999999999999986,
    "V": 0.04499999999999999,
    "AXON": 0.04499999999999999,
    "CRWD": 0.054999999999999986,
    "RKLB": 0.03799999999999999,
    "PLTR": 0.031999999999999994,
    "CELH": 0.024999999999999994,
    "IWM": 0.034999999999999996,
    "SOFI": 0.014999999999999996,
    "UNH": 0.014999999999999996
}