{
    "VOO": 0.15199999999999997,
    "SCHD": 0.11799999999999997,
    "BND": 0.11499999999999998,
    "AGG": 0.09499999999999997,
    "JNJ": 0.06799999999999999,
    "PG": 0.051999999999999984,
    "KO": 0.04799999999999999,
    "COST": 0.08199999999999999,
    "MSFT": 0.054999999999999986,
    "AAPL": 0.04799999999999999,
    "JPM": 0.061999999999999986,
    "V": 0.04299999999999999,
    "IJR": 0.04499999999999999,
    "CROX": 0.016999999999999998
}