{
    "SCHD": 0.125,
    "VIG": 0.11538461538461538,
    "BND": 0.09615384615384616,
    "JNJ": 0.07692307692307693,
    "PG": 0.05769230769230769,
    "KO": 0.04807692307692308,
    "COST": 0.09615384615384616,
    "MSFT": 0.08173076923076923,
    "AAPL": 0.07211538461538461,
    "JPM": 0.05769230769230769,
    "HD": 0.038461538461538464,
    "AAON": 0.04326923076923077,
    "POWL": 0.038461538461538464,
    "BMI": 0.03365384615384616,
    "CALX": 0.019230769230769232
}