{
    "VTI": 0.14199999999999996,
    "SCHD": 0.13799999999999998,
    "BND": 0.11499999999999998,
    "MSFT": 0.08199999999999999,
    "AAPL": 0.07799999999999999,
    "JNJ": 0.07199999999999998,
    "PG": 0.05799999999999999,
    "KO": 0.051999999999999984,
    "V": 0.06299999999999999,
    "JPM": 0.05799999999999999,
    "HD": 0.033999999999999996,
    "WMT": 0.04299999999999999,
    "RMBS": 0.034999999999999996,
    "CROX": 0.029999999999999992
}