{
    "NVDA": 0.13366336633663362,
    "MSFT": 0.08118811881188115,
    "AAPL": 0.0772277227722772,
    "GOOGL": 0.09108910891089105,
    "AMZN": 0.0574257425742574,
    "JPM": 0.06138613861386136,
    "V": 0.04455445544554453,
    "UNH": 0.03762376237623761,
    "HD": 0.03168316831683167,
    "META": 0.03465346534653464,
    "RMBS": 0.0574257425742574,
    "POWL": 0.054455445544554434,
    "CELH": 0.041584158415841566,
    "AXON": 0.03762376237623761,
    "ENSG": 0.04455445544554453,
    "BMI": 0.03465346534653464,
    "CROX": 0.024752475247524743,
    "SPSC": 0.024752475247524743,
    "SHAK": 0.017821782178217813,
    "FROG": 0.011881188118811876
}