{
    "AAPL": 0.08913043478260867,
    "MSFT": 0.08478260869565214,
    "GOOGL": 0.10326086956521735,
    "AMZN": 0.07391304347826085,
    "V": 0.04891304347826085,
    "JPM": 0.06304347826086955,
    "JNJ": 0.04130434782608694,
    "PG": 0.02934782608695651,
    "HD": 0.02717391304347825,
    "UNH": 0.0326086956521739,
    "AXON": 0.06739130434782606,
    "CROX": 0.052173913043478244,
    "RMBS": 0.05978260869565215,
    "SITM": 0.056521739130434755,
    "CELH": 0.038043478260869554,
    "IIPR": 0.0326086956521739,
    "PLAB": 0.03586956521739129,
    "FRPT": 0.026086956521739122,
    "AMBA": 0.0217391304347826,
    "SMPL": 0.01630434782608695
}