{
    "VTI": 0.15763546798029554,
    "BND": 0.13793103448275862,
    "JNJ": 0.06896551724137931,
    "PG": 0.04926108374384236,
    "KO": 0.04433497536945812,
    "COST": 0.08866995073891625,
    "MSFT": 0.07389162561576354,
    "AAPL": 0.05911330049261083,
    "JPM": 0.06403940886699507,
    "V": 0.04926108374384236,
    "HD": 0.029556650246305414,
    "AGX": 0.039408866995073885,
    "CROX": 0.02463054187192118,
    "RMBS": 0.029556650246305414,
    "SITM": 0.02463054187192118,
    "CELH": 0.019704433497536943,
    "PLTR": 0.019704433497536943,
    "ELF": 0.019704433497536943
}