{
    "AAPL": 0.09019607843137252,
    "MSFT": 0.0764705882352941,
    "GOOGL": 0.10588235294117644,
    "AMZN": 0.06666666666666665,
    "JPM": 0.08039215686274508,
    "V": 0.05392156862745097,
    "JNJ": 0.04705882352941176,
    "PG": 0.034313725490196074,
    "HD": 0.027450980392156855,
    "UNH": 0.024509803921568624,
    "AXON": 0.06078431372549018,
    "CROX": 0.04411764705882352,
    "RMBS": 0.05686274509803921,
    "CELH": 0.031372549019607836,
    "SFM": 0.037254901960784306,
    "FSLR": 0.029411764705882346,
    "ETSY": 0.025490196078431365,
    "AGYS": 0.021568627450980385,
    "IWM": 0.06666666666666665,
    "SPSC": 0.019607843137254898
}