{
    "NVDA": 0.14087301587301582,
    "MSFT": 0.09126984126984125,
    "AAPL": 0.08730158730158728,
    "GOOGL": 0.08432539682539682,
    "JPM": 0.06746031746031746,
    "POWL": 0.06150793650793649,
    "RMBS": 0.05753968253968253,
    "AMZN": 0.05456349206349205,
    "V": 0.05158730158730157,
    "HD": 0.04464285714285713,
    "AXON": 0.04166666666666666,
    "CELH": 0.03769841269841269,
    "UNH": 0.03472222222222222,
    "CROX": 0.03174603174603174,
    "META": 0.029761904761904753,
    "ELF": 0.027777777777777773,
    "FIVE": 0.02182539682539682,
    "DUOL": 0.017857142857142853,
    "IOT": 0.01587301587301587
}