{
    "AAPL": 0.0952380952380952,
    "MSFT": 0.08994708994708993,
    "GOOGL": 0.1058201058201058,
    "AMZN": 0.07936507936507933,
    "JNJ": 0.0529100529100529,
    "JPM": 0.07407407407407406,
    "V": 0.0529100529100529,
    "PG": 0.03174603174603174,
    "UNH": 0.02645502645502645,
    "HD": 0.02116402116402116,
    "CROX": 0.04232804232804232,
    "FORM": 0.06878306878306877,
    "POWI": 0.03703703703703703,
    "RMBS": 0.06349206349206347,
    "SITM": 0.058201058201058184,
    "AEIS": 0.03174603174603174,
    "CALX": 0.02116402116402116,
    "PLAB": 0.03174603174603174,
    "SPSC": 0.01587301587301587
}