{
    "AAPL": 0.08823529411764701,
    "MSFT": 0.07843137254901958,
    "BRK-B": 0.10784313725490191,
    "JPM": 0.08823529411764701,
    "JNJ": 0.07843137254901958,
    "PG": 0.05882352941176468,
    "KO": 0.05882352941176468,
    "HD": 0.04901960784313723,
    "V": 0.06862745098039214,
    "UNH": 0.03921568627450979,
    "AGX": 0.05882352941176468,
    "POWL": 0.053921568627450955,
    "AXON": 0.03431372549019607,
    "CELH": 0.02941176470588234,
    "RMBS": 0.03431372549019607,
    "CROX": 0.024509803921568617,
    "VNQ": 0.04901960784313723
}