{
    "NVDA": 0.14199999999999996,
    "AAPL": 0.10799999999999997,
    "MSFT": 0.08199999999999999,
    "GOOGL": 0.09799999999999998,
    "AMZN": 0.07199999999999998,
    "JPM": 0.06799999999999999,
    "META": 0.041999999999999996,
    "V": 0.04799999999999999,
    "RMBS": 0.06299999999999999,
    "PLAB": 0.046999999999999986,
    "AXON": 0.03799999999999999,
    "CROX": 0.034999999999999996,
    "CELH": 0.031999999999999994,
    "FOUR": 0.027999999999999994,
    "ELF": 0.026999999999999993,
    "HD": 0.034999999999999996,
    "UNH": 0.034999999999999996
}