{
    "VTI": 0.14476190476190476,
    "SCHD": 0.11238095238095237,
    "BND": 0.08857142857142856,
    "AGG": 0.05904761904761904,
    "BRK-B": 0.09333333333333334,
    "MSFT": 0.05904761904761904,
    "AAPL": 0.05523809523809524,
    "COST": 0.08285714285714285,
    "JNJ": 0.06,
    "KO": 0.04476190476190476,
    "PG": 0.030476190476190476,
    "HD": 0.026666666666666665,
    "V": 0.04952380952380952,
    "PLXS": 0.02952380952380952,
    "FN": 0.026666666666666665,
    "CROX": 0.01714285714285714,
    "CELH": 0.02
}