{
    "AAPL": 0.09137055837563449,
    "MSFT": 0.07106598984771571,
    "GOOGL": 0.09137055837563449,
    "AMZN": 0.07614213197969541,
    "JPM": 0.0812182741116751,
    "JNJ": 0.05076142131979694,
    "PG": 0.03553299492385786,
    "V": 0.05076142131979694,
    "UNH": 0.030456852791878163,
    "HD": 0.030456852791878163,
    "CROX": 0.04568527918781724,
    "CELH": 0.030456852791878163,
    "FN": 0.07106598984771571,
    "SPSC": 0.030456852791878163,
    "AXON": 0.04568527918781724,
    "PLXS": 0.05076142131979694,
    "IIPR": 0.02538071065989847,
    "IWM": 0.05076142131979694,
    "AMBA": 0.020304568527918777,
    "SHAK": 0.020304568527918777
}