{
    "AAPL": 0.08999999999999998,
    "MSFT": 0.09999999999999998,
    "GOOGL": 0.10999999999999997,
    "AMZN": 0.07999999999999999,
    "JPM": 0.06999999999999999,
    "V": 0.059999999999999984,
    "JNJ": 0.039999999999999994,
    "HD": 0.029999999999999992,
    "PG": 0.019999999999999997,
    "PLTR": 0.07999999999999999,
    "AXON": 0.059999999999999984,
    "RKLB": 0.04999999999999999,
    "CELH": 0.039999999999999994,
    "CROX": 0.039999999999999994,
    "IONQ": 0.029999999999999992,
    "SOFI": 0.029999999999999992,
    "UNH": 0.019999999999999997,
    "FROG": 0.019999999999999997,
    "UPST": 0.019999999999999997,
    "ASAN": 0.009999999999999998
}