{
    "VTI": 0.15199999999999997,
    "SCHD": 0.12299999999999997,
    "BND": 0.09799999999999998,
    "VYM": 0.07199999999999998,
    "BRK-B": 0.08299999999999999,
    "JNJ": 0.060999999999999985,
    "KO": 0.046999999999999986,
    "COST": 0.07399999999999998,
    "MSFT": 0.05799999999999999,
    "AAPL": 0.051999999999999984,
    "V": 0.04799999999999999,
    "PG": 0.041999999999999996,
    "PLTR": 0.030999999999999993,
    "RKLB": 0.027999999999999994,
    "AEHR": 0.017999999999999995,
    "CRSP": 0.012999999999999996
}