{
    "BND": 0.1339712918660287,
    "JNJ": 0.07177033492822965,
    "PG": 0.05263157894736841,
    "KO": 0.05741626794258372,
    "BRK-B": 0.08612440191387558,
    "COST": 0.08612440191387558,
    "MSFT": 0.07177033492822965,
    "AAPL": 0.05741626794258372,
    "JPM": 0.07177033492822965,
    "V": 0.05263157894736841,
    "HD": 0.03827751196172249,
    "AGX": 0.04306220095693779,
    "POWL": 0.04306220095693779,
    "AXON": 0.03349282296650718,
    "CELH": 0.02870813397129186,
    "CROX": 0.02870813397129186,
    "RMBS": 0.02392344497607655,
    "SITM": 0.019138755980861243,
    "ELF": 0.0,
    "FIVE": 0.0
}