{
    "NVDA": 0.13199999999999998,
    "AAPL": 0.08099999999999999,
    "MSFT": 0.051999999999999984,
    "GOOGL": 0.07799999999999999,
    "AMZN": 0.060999999999999985,
    "JPM": 0.05799999999999999,
    "V": 0.04499999999999999,
    "HD": 0.027999999999999994,
    "FTAI": 0.08899999999999998,
    "RKLB": 0.061999999999999986,
    "CROX": 0.03799999999999999,
    "AXON": 0.04299999999999999,
    "CELH": 0.031999999999999994,
    "APP": 0.034999999999999996,
    "SMCI": 0.025999999999999992,
    "IONQ": 0.023999999999999994,
    "META": 0.030999999999999993,
    "UNH": 0.020999999999999998,
    "IWM": 0.03699999999999999,
    "VBK": 0.026999999999999993
}