{
    "AAPL": 0.0845360824742268,
    "MSFT": 0.0804123711340206,
    "GOOGL": 0.0938144329896907,
    "AMZN": 0.05979381443298968,
    "JPM": 0.07422680412371133,
    "V": 0.046391752577319575,
    "JNJ": 0.039175257731958756,
    "PG": 0.03298969072164948,
    "HD": 0.025773195876288655,
    "UNH": 0.028865979381443294,
    "POWL": 0.07010309278350514,
    "RMBS": 0.0536082474226804,
    "SITM": 0.04432989690721648,
    "AXON": 0.03608247422680412,
    "CROX": 0.03195876288659793,
    "CELH": 0.022680412371134016,
    "FIVE": 0.01855670103092783,
    "APPF": 0.02164948453608247,
    "SPY": 0.08350515463917524,
    "IWM": 0.05154639175257731
}