{
    "NVDA": 0.13199999999999998,
    "MSFT": 0.07799999999999999,
    "GOOGL": 0.09199999999999998,
    "AAPL": 0.06799999999999999,
    "AMZN": 0.05799999999999999,
    "JPM": 0.061999999999999986,
    "V": 0.04999999999999999,
    "FTAI": 0.08799999999999998,
    "POWL": 0.07199999999999998,
    "SITM": 0.05799999999999999,
    "AXON": 0.04499999999999999,
    "CELH": 0.03799999999999999,
    "RMBS": 0.04499999999999999,
    "CROX": 0.031999999999999994,
    "IONQ": 0.031999999999999994,
    "HD": 0.027999999999999994,
    "META": 0.021999999999999995
}