{
    "BND": 0.11999999999999997,
    "VIG": 0.09999999999999998,
    "JNJ": 0.06999999999999999,
    "PG": 0.04999999999999999,
    "KO": 0.04999999999999999,
    "BRK-B": 0.08999999999999998,
    "JPM": 0.07999999999999999,
    "MSFT": 0.07999999999999999,
    "AAPL": 0.06999999999999999,
    "HD": 0.04999999999999999,
    "UNH": 0.039999999999999994,
    "V": 0.059999999999999984,
    "AGX": 0.039999999999999994,
    "AXON": 0.029999999999999992,
    "DECK": 0.029999999999999992,
    "CROX": 0.019999999999999997,
    "SFM": 0.019999999999999997
}