{
    "NVDA": 0.14199999999999996,
    "MSFT": 0.09799999999999998,
    "GOOGL": 0.10499999999999997,
    "AAPL": 0.08199999999999999,
    "AMZN": 0.07799999999999999,
    "JPM": 0.06699999999999999,
    "V": 0.051999999999999984,
    "CRWD": 0.08299999999999999,
    "PLTR": 0.07099999999999998,
    "RKLB": 0.06399999999999999,
    "IONQ": 0.03799999999999999,
    "SOFI": 0.031999999999999994,
    "DKNG": 0.027999999999999994,
    "AFRM": 0.021999999999999995,
    "RIVN": 0.017999999999999995,
    "U": 0.019999999999999997
}