{
    "AAPL": 0.10396039603960393,
    "MSFT": 0.08910891089108909,
    "GOOGL": 0.10396039603960393,
    "AMZN": 0.07425742574257424,
    "JPM": 0.05940594059405939,
    "V": 0.05445544554455444,
    "JNJ": 0.0396039603960396,
    "HD": 0.029702970297029695,
    "UNH": 0.024752475247524747,
    "FN": 0.07425742574257424,
    "AXON": 0.044554455445544545,
    "CROX": 0.03465346534653465,
    "RMBS": 0.05940594059405939,
    "POWI": 0.0396039603960396,
    "AEIS": 0.0396039603960396,
    "PI": 0.024752475247524747,
    "CALX": 0.024752475247524747,
    "SPSC": 0.0198019801980198,
    "VICR": 0.024752475247524747,
    "PG": 0.03465346534653465
}