{
    "BND": 0.14423076923076925,
    "JNJ": 0.08653846153846155,
    "PG": 0.05288461538461539,
    "KO": 0.0576923076923077,
    "COST": 0.10096153846153848,
    "JPM": 0.08173076923076925,
    "MSFT": 0.08653846153846155,
    "AAPL": 0.07211538461538462,
    "HD": 0.03846153846153847,
    "AGX": 0.0576923076923077,
    "FN": 0.043269230769230775,
    "CRDO": 0.05288461538461539,
    "AXON": 0.043269230769230775,
    "CELH": 0.02884615384615385,
    "PLTR": 0.02884615384615385,
    "AEHR": 0.024038461538461543
}