{
    "NVDA": 0.13523809523809519,
    "AAPL": 0.09047619047619046,
    "MSFT": 0.07809523809523808,
    "GOOGL": 0.08380952380952378,
    "AMZN": 0.055238095238095225,
    "META": 0.038095238095238085,
    "JPM": 0.05904761904761903,
    "V": 0.042857142857142844,
    "HD": 0.028571428571428564,
    "FN": 0.055238095238095225,
    "POWL": 0.04952380952380951,
    "RMBS": 0.05238095238095237,
    "AXON": 0.038095238095238085,
    "CROX": 0.03619047619047618,
    "CELH": 0.033333333333333326,
    "ANF": 0.023809523809523805,
    "SMCI": 0.028571428571428564,
    "WGO": 0.023809523809523805,
    "SPSC": 0.019047619047619042,
    "UNH": 0.028571428571428564
}