{
    "NVDA": 0.1257142857142857,
    "MSFT": 0.08380952380952378,
    "AAPL": 0.07428571428571426,
    "GOOGL": 0.0876190476190476,
    "AMZN": 0.06857142857142855,
    "JPM": 0.06476190476190476,
    "V": 0.05238095238095237,
    "CRWD": 0.07428571428571426,
    "PLTR": 0.05904761904761903,
    "AXON": 0.0457142857142857,
    "RKLB": 0.042857142857142844,
    "CELH": 0.03047619047619047,
    "IONQ": 0.028571428571428564,
    "VTI": 0.09047619047619046,
    "IWM": 0.05238095238095237,
    "UNH": 0.019047619047619042
}