{
    "BND": 0.11428571428571428,
    "JNJ": 0.07142857142857142,
    "PG": 0.05714285714285714,
    "KO": 0.05238095238095238,
    "VTI": 0.1285714285714286,
    "SPY": 0.09523809523809523,
    "AAPL": 0.07142857142857142,
    "MSFT": 0.06666666666666667,
    "V": 0.05714285714285714,
    "JPM": 0.05714285714285714,
    "HD": 0.03809523809523809,
    "UFPT": 0.04285714285714285,
    "AAON": 0.03809523809523809,
    "BMI": 0.03333333333333333,
    "FELE": 0.03333333333333333,
    "POWL": 0.023809523809523808,
    "EXPO": 0.019047619047619046
}