{
    "BND": 0.11267605633802814,
    "AGG": 0.09389671361502347,
    "SCHD": 0.1220657276995305,
    "VTI": 0.1032863849765258,
    "BRK-B": 0.07511737089201877,
    "JNJ": 0.05633802816901407,
    "PG": 0.046948356807511735,
    "KO": 0.046948356807511735,
    "JPM": 0.06572769953051642,
    "MSFT": 0.05633802816901407,
    "AAPL": 0.0516431924882629,
    "HD": 0.037558685446009384,
    "V": 0.042253521126760556,
    "IWM": 0.037558685446009384,
    "CROX": 0.023474178403755867,
    "SFM": 0.028169014084507036
}