{
    "AAPL": 0.08612440191387556,
    "MSFT": 0.07177033492822964,
    "JPM": 0.08612440191387556,
    "V": 0.08133971291866027,
    "JNJ": 0.09569377990430619,
    "PG": 0.07177033492822964,
    "KO": 0.06698564593301434,
    "WMT": 0.05741626794258371,
    "HD": 0.047846889952153096,
    "AGX": 0.05741626794258371,
    "CROX": 0.04306220095693778,
    "IIPR": 0.03349282296650717,
    "PLAB": 0.028708133971291856,
    "BLD": 0.03349282296650717,
    "VZ": 0.047846889952153096,
    "AVAV": 0.028708133971291856,
    "CALX": 0.023923444976076548,
    "SPSC": 0.019138755980861236,
    "FIVN": 0.019138755980861236
}