{
    "NVDA": 0.13499999999999998,
    "MSFT": 0.09199999999999998,
    "GOOGL": 0.09799999999999998,
    "AAPL": 0.07799999999999999,
    "AMZN": 0.061999999999999986,
    "JPM": 0.054999999999999986,
    "V": 0.04499999999999999,
    "CRWD": 0.08199999999999999,
    "PLTR": 0.06799999999999999,
    "RKLB": 0.07299999999999998,
    "AXON": 0.03799999999999999,
    "ASTS": 0.034999999999999996,
    "IONQ": 0.031999999999999994,
    "CELH": 0.027999999999999994,
    "SOFI": 0.040999999999999995,
    "ELF": 0.017999999999999995,
    "DKNG": 0.019999999999999997
}