{
    "BND": 0.116504854368932,
    "VCIT": 0.07766990291262134,
    "SCHD": 0.12621359223300968,
    "JNJ": 0.058252427184466,
    "PG": 0.04854368932038834,
    "KO": 0.04854368932038834,
    "COST": 0.087378640776699,
    "MSFT": 0.07766990291262134,
    "AAPL": 0.058252427184466,
    "JPM": 0.06796116504854367,
    "HD": 0.03883495145631067,
    "V": 0.04854368932038834,
    "POWL": 0.0436893203883495,
    "AGX": 0.033980582524271837,
    "AXON": 0.02427184466019417,
    "CROX": 0.02427184466019417,
    "CELH": 0.019417475728155335
}