{
    "VTI": 0.18199999999999997,
    "BRK-B": 0.11799999999999997,
    "COST": 0.10299999999999997,
    "MSFT": 0.08199999999999999,
    "AAPL": 0.07299999999999998,
    "JNJ": 0.07099999999999998,
    "PG": 0.05799999999999999,
    "KO": 0.05699999999999999,
    "V": 0.061999999999999986,
    "JPM": 0.05099999999999998,
    "UNH": 0.04299999999999999,
    "HD": 0.03799999999999999,
    "RMBS": 0.031999999999999994,
    "DOCN": 0.017999999999999995,
    "PGNY": 0.011999999999999997
}