{
    "NVDA": 0.13523809523809519,
    "FTAI": 0.10285714285714283,
    "AAPL": 0.08857142857142855,
    "GOOGL": 0.08285714285714282,
    "MSFT": 0.06476190476190476,
    "JPM": 0.06857142857142855,
    "AMZN": 0.055238095238095225,
    "V": 0.05238095238095237,
    "RMBS": 0.05904761904761903,
    "AXON": 0.0457142857142857,
    "CROX": 0.039999999999999994,
    "CELH": 0.03619047619047618,
    "PLAB": 0.033333333333333326,
    "HD": 0.03047619047619047,
    "SFM": 0.028571428571428564,
    "CVLT": 0.019047619047619042,
    "IOT": 0.019047619047619042,
    "META": 0.019047619047619042,
    "UNH": 0.019047619047619042,
    "SPT": 0.0
}