{
    "NVDA": 0.12966601178781922,
    "MSFT": 0.07662082514734772,
    "AAPL": 0.07072691552062867,
    "GOOGL": 0.08644400785854614,
    "AMZN": 0.06090373280943024,
    "JPM": 0.056974459724950875,
    "V": 0.051080550098231814,
    "META": 0.037328094302554016,
    "UNH": 0.029469548133595275,
    "CRWD": 0.07367387033398819,
    "PLTR": 0.056974459724950875,
    "AXON": 0.05402750491159134,
    "RKLB": 0.06090373280943024,
    "CELH": 0.037328094302554016,
    "IOT": 0.03143418467583496,
    "TTD": 0.029469548133595275,
    "SOFI": 0.023575638506876224,
    "ENPH": 0.019646365422396853,
    "DKNG": 0.013752455795677796,
    "FUBO": 0.0
}