{
    "BND": 0.16666666666666666,
    "BRK-B": 0.10648148148148148,
    "JNJ": 0.0787037037037037,
    "PG": 0.06018518518518518,
    "KO": 0.05555555555555555,
    "COST": 0.09722222222222221,
    "MSFT": 0.06944444444444443,
    "AAPL": 0.06481481481481481,
    "V": 0.06481481481481481,
    "AGX": 0.046296296296296294,
    "AXON": 0.032407407407407406,
    "PLAB": 0.032407407407407406,
    "CALM": 0.037037037037037035,
    "VWO": 0.027777777777777776,
    "CROX": 0.023148148148148147,
    "HD": 0.037037037037037035
}