{
    "AAPL": 0.08999999999999998,
    "MSFT": 0.07999999999999999,
    "GOOGL": 0.09999999999999998,
    "AMZN": 0.06999999999999999,
    "JPM": 0.07999999999999999,
    "V": 0.059999999999999984,
    "JNJ": 0.04999999999999999,
    "PG": 0.029999999999999992,
    "HD": 0.029999999999999992,
    "UNH": 0.039999999999999994,
    "SPY": 0.09999999999999998,
    "IWM": 0.04999999999999999,
    "CROX": 0.029999999999999992,
    "RMBS": 0.04999999999999999,
    "PLXS": 0.04999999999999999,
    "AEIS": 0.039999999999999994,
    "CELH": 0.019999999999999997,
    "AXON": 0.029999999999999992
}