{
    "AAPL": 0.09299999999999996,
    "MSFT": 0.07799999999999997,
    "GOOGL": 0.10199999999999995,
    "AMZN": 0.06799999999999998,
    "JPM": 0.08199999999999996,
    "JNJ": 0.04499999999999998,
    "PG": 0.03199999999999999,
    "V": 0.05499999999999997,
    "UNH": 0.03499999999999999,
    "HD": 0.029999999999999985,
    "CROX": 0.057999999999999975,
    "CELH": 0.04799999999999998,
    "AXON": 0.06199999999999997,
    "RMBS": 0.056999999999999974,
    "IIPR": 0.03599999999999998,
    "CALX": 0.027999999999999987,
    "AVAV": 0.029999999999999985,
    "SPT": 0.02099999999999999,
    "FIVN": 0.01999999999999999,
    "PLUG": 0.01999999999999999
}