{
    "VOO": 0.14615384615384613,
    "VTI": 0.10384615384615384,
    "SCHD": 0.10865384615384616,
    "BND": 0.09423076923076923,
    "AGG": 0.06923076923076922,
    "JNJ": 0.05576923076923077,
    "PG": 0.04038461538461539,
    "KO": 0.036538461538461534,
    "MSFT": 0.049999999999999996,
    "AAPL": 0.046153846153846156,
    "COST": 0.058653846153846154,
    "JPM": 0.04519230769230769,
    "V": 0.03942307692307692,
    "UNH": 0.029807692307692306,
    "HD": 0.018269230769230767,
    "CROX": 0.020192307692307693,
    "CELH": 0.01346153846153846,
    "FIVE": 0.014423076923076922,
    "ETSY": 0.009615384615384616
}