{
    "AAPL": 0.08631578947368418,
    "MSFT": 0.08210526315789471,
    "GOOGL": 0.08947368421052629,
    "AMZN": 0.061052631578947344,
    "JPM": 0.06631578947368419,
    "JNJ": 0.04736842105263156,
    "V": 0.036842105263157884,
    "PG": 0.026315789473684202,
    "UNH": 0.033684210526315775,
    "HD": 0.029473684210526305,
    "CROX": 0.03999999999999998,
    "AXON": 0.05052631578947366,
    "FN": 0.05999999999999998,
    "RMBS": 0.05473684210526313,
    "POWL": 0.06526315789473681,
    "SPSC": 0.018947368421052622,
    "CALM": 0.023157894736842093,
    "ACLS": 0.04315789473684209,
    "ENS": 0.037894736842105245,
    "AGYS": 0.04736842105263156
}