{
    "AAPL": 0.07199999999999998,
    "MSFT": 0.06799999999999999,
    "GOOGL": 0.07799999999999999,
    "AMZN": 0.061999999999999986,
    "V": 0.054999999999999986,
    "JPM": 0.05799999999999999,
    "JNJ": 0.03799999999999999,
    "UNH": 0.031999999999999994,
    "HD": 0.024999999999999994,
    "PG": 0.026999999999999993,
    "FTAI": 0.07299999999999998,
    "POWL": 0.05799999999999999,
    "AXON": 0.041999999999999996,
    "CELH": 0.032999999999999995,
    "CROX": 0.027999999999999994,
    "RMBS": 0.04499999999999999,
    "SITM": 0.03799999999999999,
    "FIVE": 0.020999999999999998,
    "SPY": 0.061999999999999986,
    "IWM": 0.08499999999999999
}