{
    "SCHD": 0.13921568627450975,
    "VYM": 0.10588235294117644,
    "BND": 0.08333333333333331,
    "JNJ": 0.07156862745098037,
    "PG": 0.06078431372549018,
    "KO": 0.04999999999999998,
    "MSFT": 0.08039215686274508,
    "AAPL": 0.06960784313725488,
    "JPM": 0.06666666666666665,
    "V": 0.05686274509803921,
    "UNH": 0.04607843137254901,
    "HD": 0.032352941176470584,
    "AMD": 0.04019607843137254,
    "RKLB": 0.037254901960784306,
    "CRSP": 0.02352941176470588,
    "IONQ": 0.020588235294117643,
    "SOFI": 0.015686274509803918
}