{
    "BND": 0.14901960784313723,
    "SCHD": 0.12549019607843134,
    "VYM": 0.09215686274509802,
    "BRK-B": 0.08627450980392154,
    "JNJ": 0.07058823529411762,
    "JPM": 0.0764705882352941,
    "MSFT": 0.06666666666666665,
    "AAPL": 0.06078431372549018,
    "KO": 0.04705882352941176,
    "PG": 0.04117647058823529,
    "HD": 0.037254901960784306,
    "V": 0.04705882352941176,
    "AGX": 0.031372549019607836,
    "AXON": 0.027450980392156855,
    "CELH": 0.021568627450980385,
    "CROX": 0.019607843137254898
}