{
    "AAPL": 0.10952380952380952,
    "MSFT": 0.09047619047619047,
    "GOOGL": 0.09999999999999999,
    "AMZN": 0.07142857142857142,
    "JPM": 0.06190476190476191,
    "V": 0.05714285714285714,
    "VTI": 0.11428571428571428,
    "JNJ": 0.05714285714285714,
    "HD": 0.03333333333333333,
    "UNH": 0.03333333333333333,
    "RMBS": 0.07142857142857142,
    "POWI": 0.04285714285714285,
    "PLAB": 0.03333333333333333,
    "CROX": 0.05714285714285714,
    "SHAK": 0.023809523809523808,
    "FROG": 0.019047619047619046,
    "PG": 0.023809523809523808
}