{
    "VOO": 0.18199999999999997,
    "MSFT": 0.07799999999999999,
    "AAPL": 0.07199999999999998,
    "JPM": 0.08799999999999998,
    "JNJ": 0.07499999999999998,
    "PG": 0.054999999999999986,
    "KO": 0.054999999999999986,
    "HD": 0.04499999999999999,
    "UNH": 0.04299999999999999,
    "V": 0.061999999999999986,
    "AGX": 0.04799999999999999,
    "POWL": 0.051999999999999984,
    "AXON": 0.034999999999999996,
    "DECK": 0.027999999999999994,
    "CROX": 0.024999999999999994,
    "RMBS": 0.031999999999999994,
    "CELH": 0.024999999999999994
}