{
    "BND": 0.18181818181818177,
    "JNJ": 0.08080808080808079,
    "PG": 0.0505050505050505,
    "KO": 0.055555555555555546,
    "COST": 0.10606060606060604,
    "WMT": 0.060606060606060594,
    "V": 0.060606060606060594,
    "JPM": 0.07575757575757573,
    "MSFT": 0.07575757575757573,
    "AAPL": 0.0707070707070707,
    "HD": 0.030303030303030297,
    "AXON": 0.040404040404040394,
    "RMBS": 0.03535353535353535,
    "CRDO": 0.03535353535353535,
    "IONQ": 0.020202020202020197,
    "AVAV": 0.020202020202020197
}