{
    "VOO": 0.16363636363636355,
    "SCHD": 0.12727272727272723,
    "BND": 0.09090909090909087,
    "AGG": 0.0727272727272727,
    "JNJ": 0.06363636363636362,
    "PG": 0.045454545454545435,
    "KO": 0.045454545454545435,
    "JPM": 0.06363636363636362,
    "MSFT": 0.054545454545454515,
    "AAPL": 0.045454545454545435,
    "V": 0.045454545454545435,
    "UNH": 0.03636363636363635,
    "IJR": 0.045454545454545435,
    "VBR": 0.03636363636363635,
    "CROX": 0.03636363636363635,
    "AXON": 0.027272727272727258
}