{
    "NVDA": 0.11199999999999997,
    "MSFT": 0.07799999999999999,
    "GOOGL": 0.08199999999999999,
    "AAPL": 0.06799999999999999,
    "AMZN": 0.061999999999999986,
    "JPM": 0.054999999999999986,
    "V": 0.04799999999999999,
    "UNH": 0.031999999999999994,
    "CRWD": 0.07299999999999998,
    "AXON": 0.04499999999999999,
    "POWL": 0.05799999999999999,
    "SITM": 0.051999999999999984,
    "CELH": 0.03799999999999999,
    "CROX": 0.041999999999999996,
    "RMBS": 0.04799999999999999,
    "ATKR": 0.030999999999999993,
    "FRPT": 0.027999999999999994,
    "SMCI": 0.025999999999999992,
    "META": 0.021999999999999995
}