{
    "BND": 0.14999999999999997,
    "VTI": 0.13999999999999999,
    "JNJ": 0.06999999999999999,
    "PG": 0.04999999999999999,
    "KO": 0.04999999999999999,
    "MSFT": 0.08999999999999998,
    "AAPL": 0.07999999999999999,
    "JPM": 0.07999999999999999,
    "V": 0.059999999999999984,
    "HD": 0.039999999999999994,
    "UNH": 0.039999999999999994,
    "AXON": 0.039999999999999994,
    "RMBS": 0.04999999999999999,
    "CROX": 0.039999999999999994,
    "ETSY": 0.019999999999999997
}