{
    "NVDA": 0.1285714285714286,
    "MSFT": 0.0857142857142857,
    "GOOGL": 0.09047619047619047,
    "AAPL": 0.07142857142857142,
    "AMZN": 0.06666666666666667,
    "JPM": 0.06190476190476191,
    "V": 0.047619047619047616,
    "UNH": 0.03809523809523809,
    "CRWD": 0.07142857142857142,
    "PLTR": 0.05714285714285714,
    "AXON": 0.047619047619047616,
    "CELH": 0.03333333333333333,
    "RKLB": 0.04285714285714285,
    "SOFI": 0.02857142857142857,
    "IONQ": 0.023809523809523808,
    "IWM": 0.05714285714285714,
    "DOCN": 0.019047619047619046,
    "FROG": 0.014285714285714285,
    "META": 0.014285714285714285
}