{
    "NVDA": 0.13199999999999995,
    "AAPL": 0.09799999999999996,
    "MSFT": 0.07799999999999997,
    "GOOGL": 0.09199999999999996,
    "AMZN": 0.06199999999999997,
    "JPM": 0.07199999999999997,
    "V": 0.04799999999999998,
    "HD": 0.027999999999999987,
    "AXON": 0.057999999999999975,
    "CELH": 0.037999999999999985,
    "CROX": 0.04199999999999998,
    "RMBS": 0.05199999999999998,
    "PLTR": 0.04499999999999998,
    "META": 0.03499999999999999,
    "ONON": 0.02499999999999999,
    "SOFI": 0.02199999999999999,
    "IWM": 0.042999999999999976,
    "VBK": 0.029999999999999985
}