{
    "BND": 0.1485148514851485,
    "JNJ": 0.0891089108910891,
    "PG": 0.06930693069306931,
    "KO": 0.06930693069306931,
    "MSFT": 0.09900990099009901,
    "AAPL": 0.07920792079207921,
    "V": 0.07920792079207921,
    "JPM": 0.07920792079207921,
    "HD": 0.039603960396039604,
    "WMT": 0.039603960396039604,
    "VICR": 0.0594059405940594,
    "POWL": 0.04950495049504951,
    "CROX": 0.039603960396039604,
    "AGYS": 0.034653465346534656,
    "BOOT": 0.024752475247524754
}