{
    "NVDA": 0.11499999999999998,
    "MSFT": 0.08999999999999998,
    "GOOGL": 0.09499999999999997,
    "AMZN": 0.08499999999999999,
    "AAPL": 0.059999999999999984,
    "META": 0.029999999999999992,
    "JPM": 0.06499999999999999,
    "V": 0.054999999999999986,
    "HD": 0.029999999999999992,
    "UNH": 0.019999999999999997,
    "FTAI": 0.07499999999999998,
    "AXON": 0.054999999999999986,
    "CROX": 0.034999999999999996,
    "CELH": 0.024999999999999994,
    "ONON": 0.019999999999999997,
    "SMCI": 0.019999999999999997,
    "VTI": 0.07999999999999999,
    "IWM": 0.04499999999999999,
    "TDW": 0.0,
    "AMPH": 0.0
}