{
    "VOO": 0.13396226415094337,
    "VTI": 0.07830188679245283,
    "SCHD": 0.11132075471698112,
    "BND": 0.08679245283018867,
    "AGG": 0.06415094339622641,
    "JNJ": 0.05849056603773584,
    "PG": 0.045283018867924525,
    "KO": 0.038679245283018866,
    "V": 0.05471698113207547,
    "JPM": 0.0490566037735849,
    "MSFT": 0.05754716981132075,
    "AAPL": 0.05377358490566038,
    "IJR": 0.040566037735849055,
    "VBR": 0.0330188679245283,
    "ENSG": 0.027358490566037737,
    "AAON": 0.01981132075471698,
    "PLMR": 0.016981132075471694,
    "CROX": 0.011320754716981131,
    "SFM": 0.010377358490566037,
    "FELE": 0.008490566037735847
}