{
    "AAPL": 0.08199999999999999,
    "MSFT": 0.07099999999999998,
    "GOOGL": 0.09399999999999997,
    "AMZN": 0.06799999999999999,
    "JPM": 0.06299999999999999,
    "JNJ": 0.041999999999999996,
    "PG": 0.030999999999999993,
    "HD": 0.027999999999999994,
    "V": 0.03799999999999999,
    "FN": 0.07199999999999998,
    "POWL": 0.07799999999999999,
    "CROX": 0.046999999999999986,
    "AROC": 0.04499999999999999,
    "KAI": 0.040999999999999995,
    "BMI": 0.03599999999999999,
    "SPSC": 0.024999999999999994,
    "AGYS": 0.031999999999999994,
    "CALX": 0.030999999999999993,
    "AMBA": 0.021999999999999995,
    "UNH": 0.053999999999999986
}