{
    "AAPL": 0.11199999999999997,
    "MSFT": 0.07799999999999999,
    "GOOGL": 0.10199999999999997,
    "AMZN": 0.06799999999999999,
    "JPM": 0.08199999999999999,
    "JNJ": 0.04799999999999999,
    "PG": 0.03699999999999999,
    "HD": 0.031999999999999994,
    "V": 0.051999999999999984,
    "FN": 0.07299999999999998,
    "POWL": 0.06799999999999999,
    "MLI": 0.061999999999999986,
    "AAON": 0.040999999999999995,
    "CROX": 0.03799999999999999,
    "SFM": 0.032999999999999995,
    "IIPR": 0.027999999999999994,
    "CALM": 0.025999999999999992,
    "SPSC": 0.019999999999999997,
    "UNH": 0.0
}