{
    "NVDA": 0.12815533980582522,
    "AAPL": 0.0757281553398058,
    "MSFT": 0.06019417475728154,
    "GOOGL": 0.08543689320388347,
    "AMZN": 0.056310679611650476,
    "JPM": 0.06019417475728154,
    "V": 0.0466019417475728,
    "HD": 0.031067961165048535,
    "FTAI": 0.09514563106796114,
    "AXON": 0.056310679611650476,
    "CROX": 0.04077669902912621,
    "CELH": 0.03689320388349514,
    "RMBS": 0.05048543689320387,
    "APP": 0.033009708737864074,
    "SPSC": 0.02718446601941747,
    "META": 0.029126213592233,
    "UNH": 0.029126213592233,
    "ELF": 0.019417475728155335,
    "SMCI": 0.019417475728155335,
    "IOT": 0.019417475728155335
}