{
    "AAPL": 0.07598784194528872,
    "MSFT": 0.060790273556230984,
    "GOOGL": 0.08308004052684902,
    "AMZN": 0.060790273556230984,
    "NVDA": 0.1013171225937183,
    "JPM": 0.05572441742654507,
    "V": 0.04559270516717324,
    "UNH": 0.030395136778115492,
    "HD": 0.025329280648429577,
    "FTAI": 0.08611955420466057,
    "AXON": 0.04559270516717324,
    "CROX": 0.03546099290780141,
    "CELH": 0.030395136778115492,
    "SITM": 0.04559270516717324,
    "RMBS": 0.05268490374873352,
    "PLMR": 0.04863221884498479,
    "AGYS": 0.028368794326241127,
    "SPSC": 0.02735562310030394,
    "BOOT": 0.03242147922998986,
    "META": 0.028368794326241127
}