{
    "NVDA": 0.14499999999999996,
    "MSFT": 0.09799999999999998,
    "GOOGL": 0.10199999999999997,
    "AAPL": 0.07799999999999999,
    "JPM": 0.08199999999999999,
    "AXON": 0.051999999999999984,
    "AMZN": 0.061999999999999986,
    "RMBS": 0.05799999999999999,
    "CROX": 0.04499999999999999,
    "V": 0.054999999999999986,
    "PLAB": 0.03799999999999999,
    "IIPR": 0.031999999999999994,
    "CELH": 0.034999999999999996,
    "FTDR": 0.027999999999999994,
    "SMCI": 0.029999999999999992,
    "UNH": 0.029999999999999992,
    "XOM": 0.029999999999999992
}