{
    "BND": 0.14999999999999997,
    "VTI": 0.17999999999999997,
    "JNJ": 0.06999999999999999,
    "PG": 0.04999999999999999,
    "KO": 0.04999999999999999,
    "MSFT": 0.07999999999999999,
    "AAPL": 0.06999999999999999,
    "V": 0.06999999999999999,
    "JPM": 0.06999999999999999,
    "HD": 0.04999999999999999,
    "WMT": 0.039999999999999994,
    "PLXS": 0.04999999999999999,
    "AGX": 0.029999999999999992,
    "AXON": 0.019999999999999997,
    "CROX": 0.019999999999999997
}