{
    "AAPL": 0.11199999999999995,
    "MSFT": 0.07799999999999997,
    "GOOGL": 0.09799999999999996,
    "AMZN": 0.06199999999999997,
    "JPM": 0.06799999999999998,
    "V": 0.04499999999999998,
    "JNJ": 0.037999999999999985,
    "PG": 0.02699999999999999,
    "HD": 0.02499999999999999,
    "UNH": 0.03199999999999999,
    "AXON": 0.057999999999999975,
    "CROX": 0.03499999999999999,
    "CELH": 0.027999999999999987,
    "SITM": 0.04799999999999998,
    "SPSC": 0.029999999999999985,
    "ENSG": 0.05199999999999998,
    "PLXS": 0.04199999999999998,
    "AAON": 0.03999999999999998,
    "IIPR": 0.029999999999999985,
    "FIVE": 0.05199999999999998
}