{
    "AAPL": 0.09836065573770487,
    "MSFT": 0.07650273224043713,
    "GOOGL": 0.11475409836065568,
    "AMZN": 0.0786885245901639,
    "JNJ": 0.04918032786885244,
    "JPM": 0.08196721311475406,
    "PG": 0.038251366120218566,
    "V": 0.06557377049180325,
    "HD": 0.03278688524590163,
    "UNH": 0.03278688524590163,
    "CROX": 0.02732240437158469,
    "FOUR": 0.021857923497267753,
    "PRGS": 0.019672131147540975,
    "AXON": 0.038251366120218566,
    "CELH": 0.029508196721311462,
    "RMBS": 0.04918032786885244,
    "POWL": 0.06338797814207649,
    "AGX": 0.06557377049180325,
    "MGNI": 0.016393442622950814,
    "FROG": 0.0
}