{
    "AAPL": 0.08631578947368419,
    "MSFT": 0.08210526315789472,
    "GOOGL": 0.09368421052631577,
    "AMZN": 0.06526315789473683,
    "JPM": 0.06105263157894736,
    "JNJ": 0.04736842105263157,
    "PG": 0.03157894736842105,
    "V": 0.04736842105263157,
    "UNH": 0.039999999999999994,
    "HD": 0.026315789473684206,
    "AMD": 0.057894736842105256,
    "IESC": 0.07684210526315788,
    "AXON": 0.04421052631578947,
    "CELH": 0.03684210526315789,
    "CROX": 0.03368421052631578,
    "RMBS": 0.050526315789473676,
    "SHOP": 0.04526315789473683,
    "SITM": 0.04210526315789473,
    "FROG": 0.021052631578947364,
    "PLUG": 0.010526315789473682
}