{
    "AAPL": 0.1019417475728155,
    "MSFT": 0.09223300970873784,
    "COST": 0.11165048543689318,
    "JNJ": 0.08252427184466019,
    "PG": 0.06310679611650484,
    "KO": 0.058252427184466,
    "JPM": 0.07766990291262134,
    "V": 0.06796116504854367,
    "HD": 0.0436893203883495,
    "UNH": 0.04854368932038834,
    "PEP": 0.03883495145631067,
    "CSCO": 0.058252427184466,
    "VZ": 0.029126213592233,
    "PLTR": 0.0436893203883495,
    "DOCN": 0.02427184466019417,
    "CRSP": 0.02427184466019417,
    "BLD": 0.033980582524271837
}