{
    "AAPL": 0.08999999999999996,
    "MSFT": 0.07499999999999997,
    "GOOGL": 0.09999999999999996,
    "AMZN": 0.05999999999999997,
    "JPM": 0.07999999999999996,
    "JNJ": 0.04999999999999998,
    "PG": 0.03499999999999999,
    "V": 0.04999999999999998,
    "UNH": 0.03499999999999999,
    "HD": 0.029999999999999985,
    "CROX": 0.04499999999999998,
    "FOUR": 0.029999999999999985,
    "PLTR": 0.05499999999999997,
    "RMBS": 0.05499999999999997,
    "AXON": 0.04499999999999998,
    "CELH": 0.03499999999999999,
    "IWM": 0.05999999999999997,
    "FIVE": 0.01999999999999999,
    "APPF": 0.01999999999999999,
    "SMCI": 0.029999999999999985
}