{
    "NVDA": 0.12571428571428567,
    "MSFT": 0.08380952380952376,
    "GOOGL": 0.0933333333333333,
    "AAPL": 0.07809523809523806,
    "AMZN": 0.05523809523809522,
    "JPM": 0.06857142857142853,
    "V": 0.0495238095238095,
    "UNH": 0.036190476190476176,
    "HD": 0.030476190476190462,
    "AXON": 0.05904761904761902,
    "POWL": 0.06476190476190474,
    "FN": 0.05523809523809522,
    "CROX": 0.04571428571428569,
    "CVCO": 0.030476190476190462,
    "IIPR": 0.026666666666666655,
    "PLAB": 0.02095238095238094,
    "CALX": 0.017142857142857133,
    "SMTC": 0.02095238095238094,
    "META": 0.036190476190476176,
    "SFIX": 0.001904761904761904
}