{
    "BND": 0.13461538461538458,
    "VIG": 0.10576923076923074,
    "VYM": 0.0769230769230769,
    "BRK-B": 0.08653846153846151,
    "JNJ": 0.057692307692307675,
    "PG": 0.03846153846153845,
    "KO": 0.03846153846153845,
    "COST": 0.08653846153846151,
    "MSFT": 0.06730769230769229,
    "AAPL": 0.057692307692307675,
    "JPM": 0.057692307692307675,
    "V": 0.048076923076923066,
    "HD": 0.028846153846153837,
    "CROX": 0.028846153846153837,
    "PLTR": 0.024038461538461533,
    "SITM": 0.019230769230769225,
    "CELH": 0.024038461538461533,
    "AXON": 0.019230769230769225
}