{
    "AAPL": 0.08799999999999998,
    "MSFT": 0.08199999999999999,
    "GOOGL": 0.09499999999999997,
    "AMZN": 0.061999999999999986,
    "JPM": 0.07199999999999998,
    "V": 0.05799999999999999,
    "JNJ": 0.04499999999999999,
    "PG": 0.031999999999999994,
    "HD": 0.027999999999999994,
    "UNH": 0.029999999999999992,
    "SPY": 0.07499999999999998,
    "IWM": 0.04499999999999999,
    "CROX": 0.03799999999999999,
    "AXON": 0.054999999999999986,
    "CELH": 0.034999999999999996,
    "PLXS": 0.04799999999999999,
    "APPF": 0.031999999999999994,
    "ASO": 0.029999999999999992,
    "SMCI": 0.024999999999999994,
    "FIVE": 0.024999999999999994
}