{
    "NVDA": 0.14199999999999996,
    "MSFT": 0.10799999999999997,
    "GOOGL": 0.11199999999999997,
    "AAPL": 0.08299999999999999,
    "AMZN": 0.07199999999999998,
    "JPM": 0.06799999999999999,
    "V": 0.05799999999999999,
    "PLTR": 0.06699999999999999,
    "CELH": 0.04799999999999999,
    "AXON": 0.04399999999999999,
    "CROX": 0.03799999999999999,
    "ASO": 0.031999999999999994,
    "ELF": 0.027999999999999994,
    "IONQ": 0.029999999999999992,
    "RMBS": 0.039999999999999994,
    "HD": 0.029999999999999992
}