{
    "VTI": 0.1733333333333333,
    "BND": 0.14285714285714285,
    "BRK-B": 0.08095238095238096,
    "COST": 0.08761904761904761,
    "MSFT": 0.07428571428571429,
    "AAPL": 0.06857142857142856,
    "JNJ": 0.05714285714285714,
    "PG": 0.047619047619047616,
    "KO": 0.03809523809523809,
    "V": 0.05238095238095238,
    "JPM": 0.04285714285714285,
    "HD": 0.02857142857142857,
    "WM": 0.02857142857142857,
    "CRWD": 0.023809523809523808,
    "DDOG": 0.01714285714285714,
    "PLTR": 0.02095238095238095,
    "ROKU": 0.011428571428571429,
    "MGNI": 0.0038095238095238095
}