{
    "AAPL": 0.10499999999999997,
    "MSFT": 0.07499999999999998,
    "GOOGL": 0.09799999999999998,
    "AMZN": 0.061999999999999986,
    "JPM": 0.06799999999999999,
    "V": 0.051999999999999984,
    "JNJ": 0.04499999999999999,
    "PG": 0.029999999999999992,
    "HD": 0.027999999999999994,
    "UNH": 0.024999999999999994,
    "FN": 0.07199999999999998,
    "AXON": 0.04499999999999999,
    "SITM": 0.04799999999999999,
    "RMBS": 0.039999999999999994,
    "PLXS": 0.04499999999999999,
    "AAON": 0.034999999999999996,
    "CROX": 0.031999999999999994,
    "CELH": 0.029999999999999992,
    "ELF": 0.024999999999999994,
    "SMCI": 0.039999999999999994
}