{
    "AAPL": 0.09299999999999996,
    "MSFT": 0.07799999999999997,
    "GOOGL": 0.10199999999999995,
    "AMZN": 0.06199999999999997,
    "JPM": 0.07499999999999997,
    "JNJ": 0.04799999999999998,
    "PG": 0.03199999999999999,
    "HD": 0.027999999999999987,
    "V": 0.05499999999999997,
    "UNH": 0.02499999999999999,
    "AXON": 0.057999999999999975,
    "CELH": 0.03199999999999999,
    "CROX": 0.037999999999999985,
    "RMBS": 0.06199999999999997,
    "FTDR": 0.02199999999999999,
    "FIVE": 0.01999999999999999,
    "PLNT": 0.01799999999999999,
    "SHAK": 0.014999999999999993,
    "IJR": 0.06699999999999998,
    "VB": 0.06999999999999998
}