{
    "NVDA": 0.13069306930693064,
    "MSFT": 0.08118811881188115,
    "AAPL": 0.0772277227722772,
    "GOOGL": 0.08415841584158412,
    "AMZN": 0.0574257425742574,
    "JPM": 0.07128712871287125,
    "V": 0.047524752475247505,
    "AXON": 0.05148514851485146,
    "CELH": 0.03762376237623761,
    "CROX": 0.04455445544554453,
    "CWST": 0.0574257425742574,
    "RMBS": 0.054455445544554434,
    "FSLR": 0.03168316831683167,
    "META": 0.03465346534653464,
    "UNH": 0.02772277227722771,
    "HD": 0.03168316831683167,
    "APPF": 0.024752475247524743,
    "SPSC": 0.017821782178217813,
    "IOT": 0.02178217821782177,
    "TDW": 0.014851485148514844
}