{
    "AAPL": 0.08723404255319146,
    "MSFT": 0.07978723404255317,
    "GOOGL": 0.09361702127659571,
    "AMZN": 0.06595744680851062,
    "JNJ": 0.051063829787234026,
    "JPM": 0.07234042553191487,
    "PG": 0.034042553191489355,
    "V": 0.0478723404255319,
    "UNH": 0.029787234042553182,
    "HD": 0.03191489361702127,
    "CROX": 0.040425531914893606,
    "AXON": 0.0478723404255319,
    "SITM": 0.055319148936170195,
    "CELH": 0.03191489361702127,
    "AGX": 0.06170212765957445,
    "ONTO": 0.06595744680851062,
    "PLAB": 0.026595744680851057,
    "SPSC": 0.03191489361702127,
    "AMPH": 0.021276595744680844,
    "FIVN": 0.02340425531914893
}