{
    "NVDA": 0.12222222222222218,
    "MSFT": 0.08148148148148143,
    "GOOGL": 0.0907407407407407,
    "AAPL": 0.06666666666666662,
    "AMZN": 0.06296296296296294,
    "JPM": 0.05740740740740738,
    "V": 0.04814814814814812,
    "HD": 0.03518518518518517,
    "UNH": 0.029629629629629617,
    "AXON": 0.053703703703703684,
    "CELH": 0.039814814814814796,
    "CROX": 0.03796296296296295,
    "FRPT": 0.025925925925925915,
    "PLTR": 0.05740740740740738,
    "RKLB": 0.044444444444444425,
    "SOFI": 0.03425925925925924,
    "IONQ": 0.02870370370370369,
    "META": 0.040740740740740716,
    "AMBA": 0.020370370370370358,
    "FROG": 0.022222222222222213
}