{
    "VTI": 0.15199999999999997,
    "AAPL": 0.09299999999999999,
    "MSFT": 0.08099999999999999,
    "GOOGL": 0.09799999999999998,
    "JPM": 0.07399999999999998,
    "V": 0.05799999999999999,
    "HD": 0.03699999999999999,
    "UNH": 0.04799999999999999,
    "JNJ": 0.051999999999999984,
    "PG": 0.040999999999999995,
    "XOM": 0.032999999999999995,
    "CROX": 0.061999999999999986,
    "RMBS": 0.05699999999999999,
    "PLTR": 0.04799999999999999,
    "AVAV": 0.027999999999999994,
    "FROG": 0.023999999999999994,
    "UPWK": 0.013999999999999997
}