{
    "NVDA": 0.1343283582089552,
    "MSFT": 0.08457711442786067,
    "GOOGL": 0.09452736318407957,
    "AAPL": 0.07462686567164176,
    "AMZN": 0.06467661691542287,
    "JPM": 0.05472636815920396,
    "V": 0.04477611940298506,
    "UNH": 0.029850746268656705,
    "CRWD": 0.07462686567164176,
    "PLTR": 0.05472636815920396,
    "AXON": 0.04477611940298506,
    "ENPH": 0.029850746268656705,
    "CELH": 0.029850746268656705,
    "RMBS": 0.03980099502487561,
    "IONQ": 0.024875621890547258,
    "IWM": 0.03980099502487561,
    "VBK": 0.03980099502487561,
    "META": 0.03980099502487561
}