{
    "JNJ": 0.10999999999999997,
    "PG": 0.07999999999999999,
    "KO": 0.07999999999999999,
    "JPM": 0.10499999999999997,
    "MSFT": 0.08999999999999998,
    "AAPL": 0.06999999999999999,
    "HD": 0.04999999999999999,
    "V": 0.07499999999999998,
    "AGX": 0.059999999999999984,
    "POWL": 0.06999999999999999,
    "AXON": 0.039999999999999994,
    "SFM": 0.04499999999999999,
    "BJ": 0.04999999999999999,
    "CROX": 0.029999999999999992,
    "CELH": 0.024999999999999994,
    "SITM": 0.019999999999999997
}