{
    "AAPL": 0.08183632734530936,
    "MSFT": 0.0778443113772455,
    "JNJ": 0.0708582834331337,
    "PG": 0.05788423153692614,
    "KO": 0.061876247504990003,
    "V": 0.07285429141716565,
    "JPM": 0.06886227544910178,
    "HD": 0.04590818363273452,
    "VZ": 0.03393213572854291,
    "WMT": 0.05688622754491017,
    "VIG": 0.08483033932135728,
    "BND": 0.13473053892215567,
    "CRSP": 0.0279441117764471,
    "DOCN": 0.04091816367265468,
    "PLTR": 0.037924151696606775,
    "FROG": 0.01796407185628742,
    "AMBA": 0.014970059880239518,
    "BL": 0.011976047904191614
}