{
    "VOO": 0.18019801980198016,
    "BND": 0.1465346534653465,
    "BRK-B": 0.097029702970297,
    "JNJ": 0.07128712871287127,
    "PG": 0.04752475247524751,
    "KO": 0.044554455445544545,
    "COST": 0.08415841584158415,
    "MSFT": 0.06732673267326732,
    "AAPL": 0.05445544554455444,
    "V": 0.05148514851485147,
    "UNH": 0.03465346534653465,
    "AXON": 0.027722772277227716,
    "CRWD": 0.027722772277227716,
    "AGX": 0.025742574257425734,
    "ENSG": 0.021782178217821777,
    "RMBS": 0.017821782178217817
}