{
    "AAPL": 0.0936170212765957,
    "MSFT": 0.08723404255319146,
    "GOOGL": 0.10106382978723401,
    "AMZN": 0.07234042553191487,
    "JPM": 0.07659574468085102,
    "V": 0.058510638297872314,
    "JNJ": 0.047872340425531894,
    "PG": 0.03191489361702126,
    "HD": 0.03191489361702126,
    "UNH": 0.03723404255319148,
    "AXON": 0.061702127659574446,
    "CROX": 0.047872340425531894,
    "CELH": 0.03191489361702126,
    "AMKR": 0.05319148936170211,
    "FIVE": 0.03404255319148935,
    "FTDR": 0.03191489361702126,
    "PLAB": 0.03723404255319148,
    "IRTC": 0.026595744680851054,
    "SPT": 0.021276595744680844,
    "SMPL": 0.01595744680851063
}