{
    "NVDA": 0.13199999999999995,
    "FIX": 0.11799999999999994,
    "MSFT": 0.07199999999999997,
    "GOOGL": 0.07799999999999997,
    "AAPL": 0.06799999999999998,
    "AMZN": 0.057999999999999975,
    "JPM": 0.06199999999999997,
    "V": 0.04499999999999998,
    "AXON": 0.05199999999999998,
    "PLXS": 0.057999999999999975,
    "RMBS": 0.04799999999999998,
    "CROX": 0.037999999999999985,
    "CELH": 0.03199999999999999,
    "AEIS": 0.04199999999999998,
    "IIPR": 0.02699999999999999,
    "HD": 0.03499999999999999,
    "UNH": 0.03499999999999999
}