{
    "AAPL": 0.0980392156862745,
    "MSFT": 0.1029411764705882,
    "GOOGL": 0.11274509803921566,
    "AMZN": 0.08823529411764704,
    "JPM": 0.07352941176470586,
    "JNJ": 0.04901960784313725,
    "PG": 0.039215686274509796,
    "V": 0.04901960784313725,
    "UNH": 0.034313725490196074,
    "HD": 0.029411764705882346,
    "CRWD": 0.08333333333333331,
    "DDOG": 0.05882352941176469,
    "PLTR": 0.06862745098039215,
    "CELH": 0.034313725490196074,
    "IONQ": 0.034313725490196074,
    "RBLX": 0.024509803921568624,
    "AFRM": 0.019607843137254898
}