{
    "NVDA": 0.14199999999999993,
    "AAPL": 0.09799999999999996,
    "MSFT": 0.07199999999999997,
    "GOOGL": 0.08799999999999995,
    "AMZN": 0.06499999999999997,
    "JPM": 0.057999999999999975,
    "V": 0.04499999999999998,
    "AXON": 0.04199999999999998,
    "AEHR": 0.037999999999999985,
    "RMBS": 0.05199999999999998,
    "PLAB": 0.03499999999999999,
    "DOCN": 0.037999999999999985,
    "IONQ": 0.029999999999999985,
    "CELH": 0.027999999999999987,
    "FRPT": 0.02499999999999999,
    "CROX": 0.02699999999999999,
    "UNH": 0.029999999999999985,
    "HD": 0.02499999999999999,
    "META": 0.03199999999999999,
    "SPSC": 0.029999999999999985
}