{
    "NVDA": 0.12909090909090903,
    "AAPL": 0.08909090909090907,
    "MSFT": 0.06545454545454543,
    "GOOGL": 0.07999999999999997,
    "AMZN": 0.056363636363636345,
    "JPM": 0.05272727272727271,
    "V": 0.040909090909090895,
    "PLTR": 0.06545454545454543,
    "RKLB": 0.06181818181818181,
    "AXON": 0.043636363636363626,
    "CELH": 0.03909090909090908,
    "ENPH": 0.03454545454545453,
    "CROX": 0.031818181818181815,
    "IONQ": 0.03818181818181817,
    "SOFI": 0.03454545454545453,
    "DOCN": 0.028181818181818172,
    "HD": 0.027272727272727264,
    "META": 0.036363636363636355,
    "UNH": 0.027272727272727264,
    "FROG": 0.018181818181818177
}