{
    "AGG": 0.11650485436893203,
    "BND": 0.10679611650485436,
    "BRK-B": 0.08737864077669902,
    "JNJ": 0.0679611650485437,
    "PG": 0.05339805825242718,
    "KO": 0.04854368932038835,
    "WMT": 0.058252427184466014,
    "V": 0.0679611650485437,
    "COST": 0.0825242718446602,
    "JPM": 0.058252427184466014,
    "MSFT": 0.0679611650485437,
    "AAPL": 0.06310679611650485,
    "HD": 0.03398058252427185,
    "CRWD": 0.038834951456310676,
    "DDOG": 0.024271844660194174,
    "CELH": 0.014563106796116504,
    "ETSY": 0.009708737864077669
}