{
    "BND": 0.11594202898550722,
    "SCHD": 0.1256038647342995,
    "SPY": 0.13526570048309178,
    "VTI": 0.0966183574879227,
    "JNJ": 0.05797101449275361,
    "KO": 0.04830917874396135,
    "PG": 0.03864734299516908,
    "COST": 0.08695652173913042,
    "JPM": 0.06763285024154589,
    "MSFT": 0.05797101449275361,
    "AAPL": 0.04830917874396135,
    "V": 0.03864734299516908,
    "POWL": 0.024154589371980676,
    "FN": 0.024154589371980676,
    "AAON": 0.01932367149758454,
    "CROX": 0.014492753623188403
}