{
    "NVDA": 0.13199999999999998,
    "MSFT": 0.09799999999999998,
    "AAPL": 0.09499999999999997,
    "GOOGL": 0.09199999999999998,
    "AMZN": 0.07799999999999999,
    "JPM": 0.07199999999999998,
    "V": 0.05799999999999999,
    "CRWD": 0.06799999999999999,
    "AXON": 0.051999999999999984,
    "META": 0.041999999999999996,
    "CROX": 0.03799999999999999,
    "CELH": 0.034999999999999996,
    "ETSY": 0.029999999999999992,
    "FIVE": 0.027999999999999994,
    "DKNG": 0.024999999999999994,
    "UNH": 0.029999999999999992,
    "IWM": 0.026999999999999993
}