{
    "NVDA": 0.13199999999999995,
    "AAPL": 0.08799999999999995,
    "MSFT": 0.06199999999999997,
    "GOOGL": 0.08499999999999996,
    "AMZN": 0.057999999999999975,
    "JPM": 0.06499999999999997,
    "POWL": 0.07799999999999997,
    "AXON": 0.04499999999999998,
    "CROX": 0.04199999999999998,
    "RMBS": 0.057999999999999975,
    "CELH": 0.03499999999999999,
    "V": 0.04799999999999998,
    "HD": 0.037999999999999985,
    "SMCI": 0.029999999999999985,
    "APPF": 0.02499999999999999,
    "META": 0.029999999999999985,
    "UNH": 0.029999999999999985,
    "ELF": 0.02499999999999999,
    "FIVE": 0.02599999999999999
}